First Name,Last Name,SID,Homework 1,Homework 1 - Max Points,Homework 1 - Submission Time,Homework 2,Homework 2 - Max Points,Homework 2 - Submission Time,Homework 3,Homework 3 - Max Points,Homework 3 - Submission Time,Homework 4,Homework 4 - Max Points,Homework 4 - Submission Time,Homework 5,Homework 5 - Max Points,Homework 5 - Submission Time,Homework 6,Homework 6 - Max Points,Homework 6 - Submission Time,Homework 7,Homework 7 - Max Points,Homework 7 - Submission Time,Homework 8,Homework 8 - Max Points,Homework 8 - Submission Time,Homework 9,Homework 9 - Max Points,Homework 9 - Submission Time,Homework 10,Homework 10 - Max Points,Homework 10 - Submission Time,Exam 1,Exam 1 - Max Points,Exam 1 - Submission Time,Exam 2,Exam 2 - Max Points,Exam 2 - Submission Time,Exam 3,Exam 3 - Max Points,Exam 3 - Submission Time
Aaron,Lester,axl60952,68.0,80,2019-08-29 08:56:02-07:00,74,80,2019-09-05 08:56:02-07:00,77,80,2019-09-12 08:56:02-07:00,89,100,2019-09-19 08:56:02-07:00,51,70,2019-09-26 08:56:02-07:00,87,90,2019-10-03 08:56:02-07:00,33,50,2019-10-10 08:56:02-07:00,48,70,2019-10-17 08:56:02-07:00,42,60,2019-10-24 08:56:02-07:00,41,60,2019-10-31 08:56:02-07:00,79,100,2019-10-08 12:30:07-07:00,63,100,2019-11-08 12:30:07-07:00,68,100,2019-12-08 12:30:07-07:00
Adam,Cooper,amc28428,80.0,80,2019-08-29 08:56:02-07:00,78,80,2019-09-05 08:56:02-07:00,78,80,2019-09-12 08:56:02-07:00,87,100,2019-09-19 08:56:02-07:00,65,70,2019-09-26 08:56:02-07:00,55,90,2019-10-03 08:56:02-07:00,44,50,2019-10-10 08:56:02-07:00,44,70,2019-10-17 08:56:02-07:00,45,60,2019-10-24 08:56:02-07:00,53,60,2019-10-31 08:56:02-07:00,65,100,2019-10-08 12:30:07-07:00,63,100,2019-11-08 12:30:07-07:00,90,100,2019-12-08 12:30:07-07:00
Alec,Curry,axc64717,69.0,80,2019-08-29 08:56:02-07:00,76,80,2019-09-05 08:56:02-07:00,66,80,2019-09-12 08:56:02-07:00,87,100,2019-09-19 08:56:02-07:00,59,70,2019-09-26 08:56:02-07:00,83,90,2019-10-03 08:56:02-07:00,43,50,2019-10-10 08:56:02-07:00,65,70,2019-10-17 08:56:02-07:00,58,60,2019-10-24 08:56:02-07:00,42,60,2019-10-31 08:56:02-07:00,65,100,2019-10-08 12:30:07-07:00,78,100,2019-11-08 12:30:07-07:00,83,100,2019-12-08 12:30:07-07:00
Alexander,Rodriguez,akr14831,50.0,80,2019-08-29 08:56:02-07:00,54,80,2019-09-05 08:56:02-07:00,74,80,2019-09-12 08:56:02-07:00,75,100,2019-09-19 08:56:02-07:00,54,70,2019-09-26 08:56:02-07:00,59,90,2019-10-03 08:56:02-07:00,38,50,2019-10-10 08:56:02-07:00,43,70,2019-10-17 08:56:02-07:00,38,60,2019-10-24 08:56:02-07:00,47,60,2019-10-31 08:56:02-07:00,97,100,2019-10-08 12:30:07-07:00,97,100,2019-11-08 12:30:07-07:00,81,100,2019-12-08 12:30:07-07:00
Amber,Daniels,axd11293,54.0,80,2019-08-29 08:56:02-07:00,57,80,2019-09-05 08:56:02-07:00,77,80,2019-09-12 08:56:02-07:00,95,100,2019-09-19 08:56:02-07:00,47,70,2019-09-26 08:56:02-07:00,87,90,2019-10-03 08:56:02-07:00,44,50,2019-10-10 08:56:02-07:00,58,70,2019-10-17 08:56:02-07:00,46,60,2019-10-24 08:56:02-07:00,59,60,2019-10-31 08:56:02-07:00,68,100,2019-10-08 12:30:07-07:00,95,100,2019-11-08 12:30:07-07:00,88,100,2019-12-08 12:30:07-07:00
Amy,Adams,ara97741,49.0,80,2019-08-29 08:56:02-07:00,53,80,2019-09-05 08:56:02-07:00,55,80,2019-09-12 08:56:02-07:00,78,100,2019-09-19 08:56:02-07:00,46,70,2019-09-26 08:56:02-07:00,59,90,2019-10-03 08:56:02-07:00,49,50,2019-10-10 08:56:02-07:00,58,70,2019-10-17 08:56:02-07:00,39,60,2019-10-24 08:56:02-07:00,54,60,2019-10-31 08:56:02-07:00,87,100,2019-10-08 12:30:07-07:00,74,100,2019-11-08 12:30:07-07:00,76,100,2019-12-08 12:30:07-07:00
Amy,White,alw07647,71.0,80,2019-08-29 08:56:02-07:00,60,80,2019-09-05 08:56:02-07:00,72,80,2019-09-12 08:56:02-07:00,95,100,2019-09-19 08:56:02-07:00,64,70,2019-09-26 08:56:02-07:00,87,90,2019-10-03 08:56:02-07:00,40,50,2019-10-10 08:56:02-07:00,43,70,2019-10-17 08:56:02-07:00,47,60,2019-10-24 08:56:02-07:00,41,60,2019-10-31 08:56:02-07:00,99,100,2019-10-08 12:30:07-07:00,95,100,2019-11-08 12:30:07-07:00,99,100,2019-12-08 12:30:07-07:00
Amy,Dunn,axd67070,72.0,80,2019-08-29 08:56:02-07:00,61,80,2019-09-05 08:56:02-07:00,50,80,2019-09-12 08:56:02-07:00,90,100,2019-09-19 08:56:02-07:00,47,70,2019-09-26 08:56:02-07:00,72,90,2019-10-03 08:56:02-07:00,43,50,2019-10-10 08:56:02-07:00,49,70,2019-10-17 08:56:02-07:00,48,60,2019-10-24 08:56:02-07:00,50,60,2019-10-31 08:56:02-07:00,93,100,2019-10-08 12:30:07-07:00,96,100,2019-11-08 12:30:07-07:00,86,100,2019-12-08 12:30:07-07:00
Amy,Terry,ajt73762,71.0,80,2019-08-29 08:56:02-07:00,54,80,2019-09-05 08:56:02-07:00,76,80,2019-09-12 08:56:02-07:00,93,100,2019-09-19 08:56:02-07:00,43,70,2019-09-26 08:56:02-07:00,89,90,2019-10-03 08:56:02-07:00,30,50,2019-10-10 08:56:02-07:00,58,70,2019-10-17 08:56:02-07:00,54,60,2019-10-24 08:56:02-07:00,49,60,2019-10-31 08:56:02-07:00,60,100,2019-10-08 12:30:07-07:00,81,100,2019-11-08 12:30:07-07:00,79,100,2019-12-08 12:30:07-07:00
Andrea,Smith,aes07091,80.0,80,2019-08-29 08:56:02-07:00,71,80,2019-09-05 08:56:02-07:00,61,80,2019-09-12 08:56:02-07:00,73,100,2019-09-19 08:56:02-07:00,61,70,2019-09-26 08:56:02-07:00,79,90,2019-10-03 08:56:02-07:00,47,50,2019-10-10 08:56:02-07:00,62,70,2019-10-17 08:56:02-07:00,43,60,2019-10-24 08:56:02-07:00,41,60,2019-10-31 08:56:02-07:00,66,100,2019-10-08 12:30:07-07:00,97,100,2019-11-08 12:30:07-07:00,86,100,2019-12-08 12:30:07-07:00
Angela,Dunlap,axd31221,49.0,80,2019-08-29 08:56:02-07:00,73,80,2019-09-05 08:56:02-07:00,71,80,2019-09-12 08:56:02-07:00,75,100,2019-09-19 08:56:02-07:00,62,70,2019-09-26 08:56:02-07:00,64,90,2019-10-03 08:56:02-07:00,41,50,2019-10-10 08:56:02-07:00,66,70,2019-10-17 08:56:02-07:00,42,60,2019-10-24 08:56:02-07:00,56,60,2019-10-31 08:56:02-07:00,82,100,2019-10-08 12:30:07-07:00,64,100,2019-11-08 12:30:07-07:00,92,100,2019-12-08 12:30:07-07:00
Angela,Warren,axw80146,54.0,80,2019-08-29 08:56:02-07:00,62,80,2019-09-05 08:56:02-07:00,59,80,2019-09-12 08:56:02-07:00,77,100,2019-09-19 08:56:02-07:00,59,70,2019-09-26 08:56:02-07:00,85,90,2019-10-03 08:56:02-07:00,44,50,2019-10-10 08:56:02-07:00,55,70,2019-10-17 08:56:02-07:00,58,60,2019-10-24 08:56:02-07:00,48,60,2019-10-31 08:56:02-07:00,70,100,2019-10-08 12:30:07-07:00,84,100,2019-11-08 12:30:07-07:00,78,100,2019-12-08 12:30:07-07:00
Anthony,Miller,axm26865,77.0,80,2019-08-29 08:56:02-07:00,53,80,2019-09-05 08:56:02-07:00,65,80,2019-09-12 08:56:02-07:00,74,100,2019-09-19 08:56:02-07:00,66,70,2019-09-26 08:56:02-07:00,78,90,2019-10-03 08:56:02-07:00,30,50,2019-10-10 08:56:02-07:00,55,70,2019-10-17 08:56:02-07:00,53,60,2019-10-24 08:56:02-07:00,41,60,2019-10-31 08:56:02-07:00,73,100,2019-10-08 12:30:07-07:00,68,100,2019-11-08 12:30:07-07:00,93,100,2019-12-08 12:30:07-07:00
April,Greer,abg77872,61.0,80,2019-08-29 08:56:02-07:00,62,80,2019-09-05 08:56:02-07:00,67,80,2019-09-12 08:56:02-07:00,65,100,2019-09-19 08:56:02-07:00,58,70,2019-09-26 08:56:02-07:00,68,90,2019-10-03 08:56:02-07:00,30,50,2019-10-10 08:56:02-07:00,46,70,2019-10-17 08:56:02-07:00,60,60,2019-10-24 08:56:02-07:00,36,60,2019-10-31 08:56:02-07:00,74,100,2019-10-08 12:30:07-07:00,71,100,2019-11-08 12:30:07-07:00,94,100,2019-12-08 12:30:07-07:00
Ashlee,Foster,axf16145,79.0,80,2019-08-29 08:56:02-07:00,78,80,2019-09-05 08:56:02-07:00,74,80,2019-09-12 08:56:02-07:00,81,100,2019-09-19 08:56:02-07:00,63,70,2019-09-26 08:56:02-07:00,75,90,2019-10-03 08:56:02-07:00,38,50,2019-10-10 08:56:02-07:00,45,70,2019-10-17 08:56:02-07:00,41,60,2019-10-24 08:56:02-07:00,43,60,2019-10-31 08:56:02-07:00,73,100,2019-10-08 12:30:07-07:00,61,100,2019-11-08 12:30:07-07:00,74,100,2019-12-08 12:30:07-07:00
Ashley,Martin,asm59771,50.0,80,2019-08-29 08:56:02-07:00,66,80,2019-09-05 08:56:02-07:00,80,80,2019-09-12 08:56:02-07:00,68,100,2019-09-19 08:56:02-07:00,46,70,2019-09-26 08:56:02-07:00,86,90,2019-10-03 08:56:02-07:00,33,50,2019-10-10 08:56:02-07:00,63,70,2019-10-17 08:56:02-07:00,51,60,2019-10-24 08:56:02-07:00,48,60,2019-10-31 08:56:02-07:00,67,100,2019-10-08 12:30:07-07:00,72,100,2019-11-08 12:30:07-07:00,68,100,2019-12-08 12:30:07-07:00
Bailey,Reyes,bxr62103,53.0,80,2019-08-29 08:56:02-07:00,50,80,2019-09-05 08:56:02-07:00,55,80,2019-09-12 08:56:02-07:00,97,100,2019-09-19 08:56:02-07:00,57,70,2019-09-26 08:56:02-07:00,75,90,2019-10-03 08:56:02-07:00,39,50,2019-10-10 08:56:02-07:00,64,70,2019-10-17 08:56:02-07:00,41,60,2019-10-24 08:56:02-07:00,46,60,2019-10-31 08:56:02-07:00,90,100,2019-10-08 12:30:07-07:00,72,100,2019-11-08 12:30:07-07:00,71,100,2019-12-08 12:30:07-07:00
Belinda,Bailey,bmb94857,60.0,80,2019-08-29 08:56:02-07:00,74,80,2019-09-05 08:56:02-07:00,55,80,2019-09-12 08:56:02-07:00,76,100,2019-09-19 08:56:02-07:00,64,70,2019-09-26 08:56:02-07:00,83,90,2019-10-03 08:56:02-07:00,44,50,2019-10-10 08:56:02-07:00,45,70,2019-10-17 08:56:02-07:00,50,60,2019-10-24 08:56:02-07:00,58,60,2019-10-31 08:56:02-07:00,83,100,2019-10-08 12:30:07-07:00,95,100,2019-11-08 12:30:07-07:00,87,100,2019-12-08 12:30:07-07:00
Benjamin,Graham,bjg14618,64.0,80,2019-08-29 08:56:02-07:00,52,80,2019-09-05 08:56:02-07:00,58,80,2019-09-12 08:56:02-07:00,87,100,2019-09-19 08:56:02-07:00,60,70,2019-09-26 08:56:02-07:00,89,90,2019-10-03 08:56:02-07:00,41,50,2019-10-10 08:56:02-07:00,45,70,2019-10-17 08:56:02-07:00,50,60,2019-10-24 08:56:02-07:00,37,60,2019-10-31 08:56:02-07:00,81,100,2019-10-08 12:30:07-07:00,73,100,2019-11-08 12:30:07-07:00,81,100,2019-12-08 12:30:07-07:00
Beth,Sanders,bms82804,59.0,80,2019-08-29 08:56:02-07:00,67,80,2019-09-05 08:56:02-07:00,53,80,2019-09-12 08:56:02-07:00,85,100,2019-09-19 08:56:02-07:00,68,70,2019-09-26 08:56:02-07:00,77,90,2019-10-03 08:56:02-07:00,41,50,2019-10-10 08:56:02-07:00,52,70,2019-10-17 08:56:02-07:00,50,60,2019-10-24 08:56:02-07:00,42,60,2019-10-31 08:56:02-07:00,73,100,2019-10-08 12:30:07-07:00,71,100,2019-11-08 12:30:07-07:00,67,100,2019-12-08 12:30:07-07:00
Billy,Schwartz,bxs54690,56.0,80,2019-08-29 08:56:02-07:00,52,80,2019-09-05 08:56:02-07:00,56,80,2019-09-12 08:56:02-07:00,89,100,2019-09-19 08:56:02-07:00,46,70,2019-09-26 08:56:02-07:00,66,90,2019-10-03 08:56:02-07:00,33,50,2019-10-10 08:56:02-07:00,51,70,2019-10-17 08:56:02-07:00,48,60,2019-10-24 08:56:02-07:00,52,60,2019-10-31 08:56:02-07:00,89,100,2019-10-08 12:30:07-07:00,62,100,2019-11-08 12:30:07-07:00,93,100,2019-12-08 12:30:07-07:00
Bradley,Bryan,bxb28023,55.0,80,2019-08-29 08:56:02-07:00,65,80,2019-09-05 08:56:02-07:00,63,80,2019-09-12 08:56:02-07:00,86,100,2019-09-19 08:56:02-07:00,68,70,2019-09-26 08:56:02-07:00,86,90,2019-10-03 08:56:02-07:00,44,50,2019-10-10 08:56:02-07:00,69,70,2019-10-17 08:56:02-07:00,48,60,2019-10-24 08:56:02-07:00,47,60,2019-10-31 08:56:02-07:00,96,100,2019-10-08 12:30:07-07:00,82,100,2019-11-08 12:30:07-07:00,66,100,2019-12-08 12:30:07-07:00
Brandon,Thomas,bxt62105,80.0,80,2019-08-29 08:56:02-07:00,49,80,2019-09-05 08:56:02-07:00,53,80,2019-09-12 08:56:02-07:00,77,100,2019-09-19 08:56:02-07:00,46,70,2019-09-26 08:56:02-07:00,86,90,2019-10-03 08:56:02-07:00,33,50,2019-10-10 08:56:02-07:00,53,70,2019-10-17 08:56:02-07:00,37,60,2019-10-24 08:56:02-07:00,51,60,2019-10-31 08:56:02-07:00,86,100,2019-10-08 12:30:07-07:00,72,100,2019-11-08 12:30:07-07:00,65,100,2019-12-08 12:30:07-07:00
Brandon,Flores,bcf26283,62.0,80,2019-08-29 08:56:02-07:00,52,80,2019-09-05 08:56:02-07:00,77,80,2019-09-12 08:56:02-07:00,87,100,2019-09-19 08:56:02-07:00,45,70,2019-09-26 08:56:02-07:00,71,90,2019-10-03 08:56:02-07:00,40,50,2019-10-10 08:56:02-07:00,45,70,2019-10-17 08:56:02-07:00,45,60,2019-10-24 08:56:02-07:00,54,60,2019-10-31 08:56:02-07:00,96,100,2019-10-08 12:30:07-07:00,93,100,2019-11-08 12:30:07-07:00,65,100,2019-12-08 12:30:07-07:00
Brandy,Reilly,bkr19538,70.0,80,2019-08-29 08:56:02-07:00,80,80,2019-09-05 08:56:02-07:00,55,80,2019-09-12 08:56:02-07:00,84,100,2019-09-19 08:56:02-07:00,42,70,2019-09-26 08:56:02-07:00,79,90,2019-10-03 08:56:02-07:00,44,50,2019-10-10 08:56:02-07:00,60,70,2019-10-17 08:56:02-07:00,45,60,2019-10-24 08:56:02-07:00,52,60,2019-10-31 08:56:02-07:00,69,100,2019-10-08 12:30:07-07:00,67,100,2019-11-08 12:30:07-07:00,95,100,2019-12-08 12:30:07-07:00
Brett,Miranda,bxm17365,74.0,80,2019-08-29 08:56:02-07:00,63,80,2019-09-05 08:56:02-07:00,53,80,2019-09-12 08:56:02-07:00,71,100,2019-09-19 08:56:02-07:00,61,70,2019-09-26 08:56:02-07:00,62,90,2019-10-03 08:56:02-07:00,43,50,2019-10-10 08:56:02-07:00,51,70,2019-10-17 08:56:02-07:00,54,60,2019-10-24 08:56:02-07:00,51,60,2019-10-31 08:56:02-07:00,82,100,2019-10-08 12:30:07-07:00,94,100,2019-11-08 12:30:07-07:00,95,100,2019-12-08 12:30:07-07:00
Brett,Hunt,bch39598,72.0,80,2019-08-29 08:56:02-07:00,72,80,2019-09-05 08:56:02-07:00,57,80,2019-09-12 08:56:02-07:00,77,100,2019-09-19 08:56:02-07:00,62,70,2019-09-26 08:56:02-07:00,78,90,2019-10-03 08:56:02-07:00,43,50,2019-10-10 08:56:02-07:00,42,70,2019-10-17 08:56:02-07:00,43,60,2019-10-24 08:56:02-07:00,58,60,2019-10-31 08:56:02-07:00,85,100,2019-10-08 12:30:07-07:00,72,100,2019-11-08 12:30:07-07:00,89,100,2019-12-08 12:30:07-07:00
Brian,Myers,bgm86325,75.0,80,2019-08-29 08:56:02-07:00,49,80,2019-09-05 08:56:02-07:00,53,80,2019-09-12 08:56:02-07:00,65,100,2019-09-19 08:56:02-07:00,66,70,2019-09-26 08:56:02-07:00,69,90,2019-10-03 08:56:02-07:00,49,50,2019-10-10 08:56:02-07:00,47,70,2019-10-17 08:56:02-07:00,44,60,2019-10-24 08:56:02-07:00,53,60,2019-10-31 08:56:02-07:00,74,100,2019-10-08 12:30:07-07:00,60,100,2019-11-08 12:30:07-07:00,92,100,2019-12-08 12:30:07-07:00
Brooke,Powers,bdp78944,80.0,80,2019-08-29 08:56:02-07:00,60,80,2019-09-05 08:56:02-07:00,53,80,2019-09-12 08:56:02-07:00,66,100,2019-09-19 08:56:02-07:00,46,70,2019-09-26 08:56:02-07:00,85,90,2019-10-03 08:56:02-07:00,45,50,2019-10-10 08:56:02-07:00,54,70,2019-10-17 08:56:02-07:00,44,60,2019-10-24 08:56:02-07:00,57,60,2019-10-31 08:56:02-07:00,77,100,2019-10-08 12:30:07-07:00,87,100,2019-11-08 12:30:07-07:00,90,100,2019-12-08 12:30:07-07:00
Cameron,Dennis,cxd92501,75.0,80,2019-08-29 08:56:02-07:00,73,80,2019-09-05 08:56:02-07:00,59,80,2019-09-12 08:56:02-07:00,61,100,2019-09-19 08:56:02-07:00,43,70,2019-09-26 08:56:02-07:00,67,90,2019-10-03 08:56:02-07:00,36,50,2019-10-10 08:56:02-07:00,59,70,2019-10-17 08:56:02-07:00,51,60,2019-10-24 08:56:02-07:00,54,60,2019-10-31 08:56:02-07:00,88,100,2019-10-08 12:30:07-07:00,66,100,2019-11-08 12:30:07-07:00,68,100,2019-12-08 12:30:07-07:00
Carol,Watkins,cxw68726,64.0,80,2019-08-29 08:56:02-07:00,76,80,2019-09-05 08:56:02-07:00,69,80,2019-09-12 08:56:02-07:00,88,100,2019-09-19 08:56:02-07:00,60,70,2019-09-26 08:56:02-07:00,66,90,2019-10-03 08:56:02-07:00,36,50,2019-10-10 08:56:02-07:00,51,70,2019-10-17 08:56:02-07:00,55,60,2019-10-24 08:56:02-07:00,57,60,2019-10-31 08:56:02-07:00,62,100,2019-10-08 12:30:07-07:00,92,100,2019-11-08 12:30:07-07:00,98,100,2019-12-08 12:30:07-07:00
Carol,Reyes,cxr98775,75.0,80,2019-08-29 08:56:02-07:00,80,80,2019-09-05 08:56:02-07:00,66,80,2019-09-12 08:56:02-07:00,62,100,2019-09-19 08:56:02-07:00,60,70,2019-09-26 08:56:02-07:00,66,90,2019-10-03 08:56:02-07:00,37,50,2019-10-10 08:56:02-07:00,65,70,2019-10-17 08:56:02-07:00,44,60,2019-10-24 08:56:02-07:00,51,60,2019-10-31 08:56:02-07:00,99,100,2019-10-08 12:30:07-07:00,91,100,2019-11-08 12:30:07-07:00,90,100,2019-12-08 12:30:07-07:00
Charles,Campbell,cxc08121,60.0,80,2019-08-29 08:56:02-07:00,61,80,2019-09-05 08:56:02-07:00,63,80,2019-09-12 08:56:02-07:00,81,100,2019-09-19 08:56:02-07:00,50,70,2019-09-26 08:56:02-07:00,75,90,2019-10-03 08:56:02-07:00,44,50,2019-10-10 08:56:02-07:00,57,70,2019-10-17 08:56:02-07:00,47,60,2019-10-24 08:56:02-07:00,50,60,2019-10-31 08:56:02-07:00,66,100,2019-10-08 12:30:07-07:00,96,100,2019-11-08 12:30:07-07:00,100,100,2019-12-08 12:30:07-07:00
Christina,Allen,cxa22039,63.0,80,2019-08-29 08:56:02-07:00,78,80,2019-09-05 08:56:02-07:00,76,80,2019-09-12 08:56:02-07:00,68,100,2019-09-19 08:56:02-07:00,53,70,2019-09-26 08:56:02-07:00,83,90,2019-10-03 08:56:02-07:00,44,50,2019-10-10 08:56:02-07:00,69,70,2019-10-17 08:56:02-07:00,39,60,2019-10-24 08:56:02-07:00,43,60,2019-10-31 08:56:02-07:00,60,100,2019-10-08 12:30:07-07:00,70,100,2019-11-08 12:30:07-07:00,67,100,2019-12-08 12:30:07-07:00
Cindy,Nguyen,cxn83965,51.0,80,2019-08-29 08:56:02-07:00,59,80,2019-09-05 08:56:02-07:00,58,80,2019-09-12 08:56:02-07:00,63,100,2019-09-19 08:56:02-07:00,52,70,2019-09-26 08:56:02-07:00,58,90,2019-10-03 08:56:02-07:00,50,50,2019-10-10 08:56:02-07:00,66,70,2019-10-17 08:56:02-07:00,46,60,2019-10-24 08:56:02-07:00,41,60,2019-10-31 08:56:02-07:00,82,100,2019-10-08 12:30:07-07:00,68,100,2019-11-08 12:30:07-07:00,82,100,2019-12-08 12:30:07-07:00
Colleen,Hart,cxh80084,48.0,80,2019-08-29 08:56:02-07:00,70,80,2019-09-05 08:56:02-07:00,59,80,2019-09-12 08:56:02-07:00,81,100,2019-09-19 08:56:02-07:00,46,70,2019-09-26 08:56:02-07:00,62,90,2019-10-03 08:56:02-07:00,38,50,2019-10-10 08:56:02-07:00,52,70,2019-10-17 08:56:02-07:00,45,60,2019-10-24 08:56:02-07:00,59,60,2019-10-31 08:56:02-07:00,68,100,2019-10-08 12:30:07-07:00,72,100,2019-11-08 12:30:07-07:00,62,100,2019-12-08 12:30:07-07:00
Courtney,Wolf,cxw91147,80.0,80,2019-08-29 08:56:02-07:00,79,80,2019-09-05 08:56:02-07:00,66,80,2019-09-12 08:56:02-07:00,63,100,2019-09-19 08:56:02-07:00,56,70,2019-09-26 08:56:02-07:00,71,90,2019-10-03 08:56:02-07:00,48,50,2019-10-10 08:56:02-07:00,43,70,2019-10-17 08:56:02-07:00,52,60,2019-10-24 08:56:02-07:00,43,60,2019-10-31 08:56:02-07:00,88,100,2019-10-08 12:30:07-07:00,86,100,2019-11-08 12:30:07-07:00,62,100,2019-12-08 12:30:07-07:00
Crystal,Smith,cjs43553,63.0,80,2019-08-29 08:56:02-07:00,80,80,2019-09-05 08:56:02-07:00,59,80,2019-09-12 08:56:02-07:00,90,100,2019-09-19 08:56:02-07:00,48,70,2019-09-26 08:56:02-07:00,66,90,2019-10-03 08:56:02-07:00,48,50,2019-10-10 08:56:02-07:00,64,70,2019-10-17 08:56:02-07:00,52,60,2019-10-24 08:56:02-07:00,58,60,2019-10-31 08:56:02-07:00,85,100,2019-10-08 12:30:07-07:00,88,100,2019-11-08 12:30:07-07:00,60,100,2019-12-08 12:30:07-07:00
Crystal,Holt,chh70562,68.0,80,2019-08-29 08:56:02-07:00,51,80,2019-09-05 08:56:02-07:00,64,80,2019-09-12 08:56:02-07:00,91,100,2019-09-19 08:56:02-07:00,52,70,2019-09-26 08:56:02-07:00,67,90,2019-10-03 08:56:02-07:00,37,50,2019-10-10 08:56:02-07:00,43,70,2019-10-17 08:56:02-07:00,45,60,2019-10-24 08:56:02-07:00,39,60,2019-10-31 08:56:02-07:00,63,100,2019-10-08 12:30:07-07:00,97,100,2019-11-08 12:30:07-07:00,73,100,2019-12-08 12:30:07-07:00
Cynthia,Guzman,cxg21963,63.0,80,2019-08-29 08:56:02-07:00,68,80,2019-09-05 08:56:02-07:00,48,80,2019-09-12 08:56:02-07:00,67,100,2019-09-19 08:56:02-07:00,55,70,2019-09-26 08:56:02-07:00,54,90,2019-10-03 08:56:02-07:00,38,50,2019-10-10 08:56:02-07:00,51,70,2019-10-17 08:56:02-07:00,57,60,2019-10-24 08:56:02-07:00,47,60,2019-10-31 08:56:02-07:00,64,100,2019-10-08 12:30:07-07:00,74,100,2019-11-08 12:30:07-07:00,66,100,2019-12-08 12:30:07-07:00
Daisy,Anderson,dma58910,64.0,80,2019-08-29 08:56:02-07:00,52,80,2019-09-05 08:56:02-07:00,57,80,2019-09-12 08:56:02-07:00,84,100,2019-09-19 08:56:02-07:00,54,70,2019-09-26 08:56:02-07:00,63,90,2019-10-03 08:56:02-07:00,34,50,2019-10-10 08:56:02-07:00,45,70,2019-10-17 08:56:02-07:00,38,60,2019-10-24 08:56:02-07:00,45,60,2019-10-31 08:56:02-07:00,92,100,2019-10-08 12:30:07-07:00,66,100,2019-11-08 12:30:07-07:00,94,100,2019-12-08 12:30:07-07:00
Daniel,Jones,dcj14616,61.0,80,2019-08-29 08:56:02-07:00,49,80,2019-09-05 08:56:02-07:00,78,80,2019-09-12 08:56:02-07:00,98,100,2019-09-19 08:56:02-07:00,56,70,2019-09-26 08:56:02-07:00,85,90,2019-10-03 08:56:02-07:00,32,50,2019-10-10 08:56:02-07:00,42,70,2019-10-17 08:56:02-07:00,40,60,2019-10-24 08:56:02-07:00,58,60,2019-10-31 08:56:02-07:00,79,100,2019-10-08 12:30:07-07:00,68,100,2019-11-08 12:30:07-07:00,61,100,2019-12-08 12:30:07-07:00
Danielle,Lee,dsl24347,69.0,80,2019-08-29 08:56:02-07:00,51,80,2019-09-05 08:56:02-07:00,70,80,2019-09-12 08:56:02-07:00,96,100,2019-09-19 08:56:02-07:00,51,70,2019-09-26 08:56:02-07:00,77,90,2019-10-03 08:56:02-07:00,37,50,2019-10-10 08:56:02-07:00,52,70,2019-10-17 08:56:02-07:00,49,60,2019-10-24 08:56:02-07:00,57,60,2019-10-31 08:56:02-07:00,62,100,2019-10-08 12:30:07-07:00,70,100,2019-11-08 12:30:07-07:00,90,100,2019-12-08 12:30:07-07:00
David,Beck,djb29817,62.0,80,2019-08-29 08:56:02-07:00,79,80,2019-09-05 08:56:02-07:00,48,80,2019-09-12 08:56:02-07:00,61,100,2019-09-19 08:56:02-07:00,43,70,2019-09-26 08:56:02-07:00,59,90,2019-10-03 08:56:02-07:00,42,50,2019-10-10 08:56:02-07:00,51,70,2019-10-17 08:56:02-07:00,55,60,2019-10-24 08:56:02-07:00,39,60,2019-10-31 08:56:02-07:00,91,100,2019-10-08 12:30:07-07:00,74,100,2019-11-08 12:30:07-07:00,65,100,2019-12-08 12:30:07-07:00
Desiree,Garcia,dsg54218,68.0,80,2019-08-29 08:56:02-07:00,78,80,2019-09-05 08:56:02-07:00,77,80,2019-09-12 08:56:02-07:00,95,100,2019-09-19 08:56:02-07:00,60,70,2019-09-26 08:56:02-07:00,73,90,2019-10-03 08:56:02-07:00,35,50,2019-10-10 08:56:02-07:00,47,70,2019-10-17 08:56:02-07:00,45,60,2019-10-24 08:56:02-07:00,55,60,2019-10-31 08:56:02-07:00,81,100,2019-10-08 12:30:07-07:00,99,100,2019-11-08 12:30:07-07:00,70,100,2019-12-08 12:30:07-07:00
Desiree,Delgado,djd31335,69.0,80,2019-08-29 08:56:02-07:00,74,80,2019-09-05 08:56:02-07:00,74,80,2019-09-12 08:56:02-07:00,64,100,2019-09-19 08:56:02-07:00,60,70,2019-09-26 08:56:02-07:00,55,90,2019-10-03 08:56:02-07:00,31,50,2019-10-10 08:56:02-07:00,55,70,2019-10-17 08:56:02-07:00,55,60,2019-10-24 08:56:02-07:00,51,60,2019-10-31 08:56:02-07:00,88,100,2019-10-08 12:30:07-07:00,69,100,2019-11-08 12:30:07-07:00,78,100,2019-12-08 12:30:07-07:00
Donna,Nguyen,dxn21936,52.0,80,2019-08-29 08:56:02-07:00,78,80,2019-09-05 08:56:02-07:00,59,80,2019-09-12 08:56:02-07:00,76,100,2019-09-19 08:56:02-07:00,55,70,2019-09-26 08:56:02-07:00,58,90,2019-10-03 08:56:02-07:00,32,50,2019-10-10 08:56:02-07:00,65,70,2019-10-17 08:56:02-07:00,48,60,2019-10-24 08:56:02-07:00,46,60,2019-10-31 08:56:02-07:00,70,100,2019-10-08 12:30:07-07:00,87,100,2019-11-08 12:30:07-07:00,64,100,2019-12-08 12:30:07-07:00
Douglas,Payne,dxp49123,48.0,80,2019-08-29 08:56:02-07:00,55,80,2019-09-05 08:56:02-07:00,49,80,2019-09-12 08:56:02-07:00,62,100,2019-09-19 08:56:02-07:00,46,70,2019-09-26 08:56:02-07:00,90,90,2019-10-03 08:56:02-07:00,35,50,2019-10-10 08:56:02-07:00,62,70,2019-10-17 08:56:02-07:00,51,60,2019-10-24 08:56:02-07:00,51,60,2019-10-31 08:56:02-07:00,74,100,2019-10-08 12:30:07-07:00,71,100,2019-11-08 12:30:07-07:00,96,100,2019-12-08 12:30:07-07:00
Dylan,Johnson,dxj78877,61.0,80,2019-08-29 08:56:02-07:00,48,80,2019-09-05 08:56:02-07:00,59,80,2019-09-12 08:56:02-07:00,71,100,2019-09-19 08:56:02-07:00,42,70,2019-09-26 08:56:02-07:00,75,90,2019-10-03 08:56:02-07:00,50,50,2019-10-10 08:56:02-07:00,49,70,2019-10-17 08:56:02-07:00,36,60,2019-10-24 08:56:02-07:00,50,60,2019-10-31 08:56:02-07:00,72,100,2019-10-08 12:30:07-07:00,64,100,2019-11-08 12:30:07-07:00,99,100,2019-12-08 12:30:07-07:00
Emily,Dudley,eed42850,53.0,80,2019-08-29 08:56:02-07:00,80,80,2019-09-05 08:56:02-07:00,62,80,2019-09-12 08:56:02-07:00,93,100,2019-09-19 08:56:02-07:00,70,70,2019-09-26 08:56:02-07:00,62,90,2019-10-03 08:56:02-07:00,40,50,2019-10-10 08:56:02-07:00,62,70,2019-10-17 08:56:02-07:00,37,60,2019-10-24 08:56:02-07:00,37,60,2019-10-31 08:56:02-07:00,96,100,2019-10-08 12:30:07-07:00,73,100,2019-11-08 12:30:07-07:00,76,100,2019-12-08 12:30:07-07:00
Emily,Houston,edh14938,54.0,80,2019-08-29 08:56:02-07:00,60,80,2019-09-05 08:56:02-07:00,56,80,2019-09-12 08:56:02-07:00,71,100,2019-09-19 08:56:02-07:00,56,70,2019-09-26 08:56:02-07:00,71,90,2019-10-03 08:56:02-07:00,46,50,2019-10-10 08:56:02-07:00,55,70,2019-10-17 08:56:02-07:00,52,60,2019-10-24 08:56:02-07:00,40,60,2019-10-31 08:56:02-07:00,100,100,2019-10-08 12:30:07-07:00,78,100,2019-11-08 12:30:07-07:00,87,100,2019-12-08 12:30:07-07:00
Erin,Duffy,exd72538,66.0,80,2019-08-29 08:56:02-07:00,54,80,2019-09-05 08:56:02-07:00,50,80,2019-09-12 08:56:02-07:00,65,100,2019-09-19 08:56:02-07:00,56,70,2019-09-26 08:56:02-07:00,65,90,2019-10-03 08:56:02-07:00,35,50,2019-10-10 08:56:02-07:00,46,70,2019-10-17 08:56:02-07:00,46,60,2019-10-24 08:56:02-07:00,59,60,2019-10-31 08:56:02-07:00,85,100,2019-10-08 12:30:07-07:00,92,100,2019-11-08 12:30:07-07:00,88,100,2019-12-08 12:30:07-07:00
Felicia,Simpson,fxs77894,59.0,80,2019-08-29 08:56:02-07:00,66,80,2019-09-05 08:56:02-07:00,77,80,2019-09-12 08:56:02-07:00,73,100,2019-09-19 08:56:02-07:00,60,70,2019-09-26 08:56:02-07:00,90,90,2019-10-03 08:56:02-07:00,36,50,2019-10-10 08:56:02-07:00,63,70,2019-10-17 08:56:02-07:00,53,60,2019-10-24 08:56:02-07:00,41,60,2019-10-31 08:56:02-07:00,63,100,2019-10-08 12:30:07-07:00,90,100,2019-11-08 12:30:07-07:00,99,100,2019-12-08 12:30:07-07:00
Heather,Webb,hxw92728,56.0,80,2019-08-29 08:56:02-07:00,48,80,2019-09-05 08:56:02-07:00,60,80,2019-09-12 08:56:02-07:00,60,100,2019-09-19 08:56:02-07:00,47,70,2019-09-26 08:56:02-07:00,84,90,2019-10-03 08:56:02-07:00,35,50,2019-10-10 08:56:02-07:00,45,70,2019-10-17 08:56:02-07:00,44,60,2019-10-24 08:56:02-07:00,40,60,2019-10-31 08:56:02-07:00,100,100,2019-10-08 12:30:07-07:00,61,100,2019-11-08 12:30:07-07:00,62,100,2019-12-08 12:30:07-07:00
Heidi,Glover,hxg56446,65.0,80,2019-08-29 08:56:02-07:00,52,80,2019-09-05 08:56:02-07:00,60,80,2019-09-12 08:56:02-07:00,65,100,2019-09-19 08:56:02-07:00,45,70,2019-09-26 08:56:02-07:00,81,90,2019-10-03 08:56:02-07:00,47,50,2019-10-10 08:56:02-07:00,43,70,2019-10-17 08:56:02-07:00,51,60,2019-10-24 08:56:02-07:00,48,60,2019-10-31 08:56:02-07:00,60,100,2019-10-08 12:30:07-07:00,83,100,2019-11-08 12:30:07-07:00,83,100,2019-12-08 12:30:07-07:00
Holly,Watson,hsw06874,66.0,80,2019-08-29 08:56:02-07:00,51,80,2019-09-05 08:56:02-07:00,66,80,2019-09-12 08:56:02-07:00,79,100,2019-09-19 08:56:02-07:00,53,70,2019-09-26 08:56:02-07:00,55,90,2019-10-03 08:56:02-07:00,35,50,2019-10-10 08:56:02-07:00,61,70,2019-10-17 08:56:02-07:00,49,60,2019-10-24 08:56:02-07:00,49,60,2019-10-31 08:56:02-07:00,81,100,2019-10-08 12:30:07-07:00,100,100,2019-11-08 12:30:07-07:00,90,100,2019-12-08 12:30:07-07:00
James,Underwood,jxu45537,65.0,80,2019-08-29 08:56:02-07:00,74,80,2019-09-05 08:56:02-07:00,73,80,2019-09-12 08:56:02-07:00,81,100,2019-09-19 08:56:02-07:00,66,70,2019-09-26 08:56:02-07:00,79,90,2019-10-03 08:56:02-07:00,40,50,2019-10-10 08:56:02-07:00,45,70,2019-10-17 08:56:02-07:00,51,60,2019-10-24 08:56:02-07:00,39,60,2019-10-31 08:56:02-07:00,77,100,2019-10-08 12:30:07-07:00,76,100,2019-11-08 12:30:07-07:00,84,100,2019-12-08 12:30:07-07:00
Jamie,Johnson,jxj82678,74.0,80,2019-08-29 08:56:02-07:00,78,80,2019-09-05 08:56:02-07:00,76,80,2019-09-12 08:56:02-07:00,100,100,2019-09-19 08:56:02-07:00,66,70,2019-09-26 08:56:02-07:00,85,90,2019-10-03 08:56:02-07:00,40,50,2019-10-10 08:56:02-07:00,67,70,2019-10-17 08:56:02-07:00,36,60,2019-10-24 08:56:02-07:00,50,60,2019-10-31 08:56:02-07:00,63,100,2019-10-08 12:30:07-07:00,71,100,2019-11-08 12:30:07-07:00,90,100,2019-12-08 12:30:07-07:00
Jason,Reyes,jxr10806,67.0,80,2019-08-29 08:56:02-07:00,66,80,2019-09-05 08:56:02-07:00,65,80,2019-09-12 08:56:02-07:00,68,100,2019-09-19 08:56:02-07:00,57,70,2019-09-26 08:56:02-07:00,70,90,2019-10-03 08:56:02-07:00,34,50,2019-10-10 08:56:02-07:00,64,70,2019-10-17 08:56:02-07:00,57,60,2019-10-24 08:56:02-07:00,44,60,2019-10-31 08:56:02-07:00,70,100,2019-10-08 12:30:07-07:00,81,100,2019-11-08 12:30:07-07:00,86,100,2019-12-08 12:30:07-07:00
Jeffrey,Perez,jxp06435,50.0,80,2019-08-29 08:56:02-07:00,56,80,2019-09-05 08:56:02-07:00,50,80,2019-09-12 08:56:02-07:00,100,100,2019-09-19 08:56:02-07:00,53,70,2019-09-26 08:56:02-07:00,86,90,2019-10-03 08:56:02-07:00,41,50,2019-10-10 08:56:02-07:00,58,70,2019-10-17 08:56:02-07:00,44,60,2019-10-24 08:56:02-07:00,51,60,2019-10-31 08:56:02-07:00,67,100,2019-10-08 12:30:07-07:00,81,100,2019-11-08 12:30:07-07:00,95,100,2019-12-08 12:30:07-07:00
Jessica,Garza,jag55224,49.0,80,2019-08-29 08:56:02-07:00,77,80,2019-09-05 08:56:02-07:00,71,80,2019-09-12 08:56:02-07:00,69,100,2019-09-19 08:56:02-07:00,44,70,2019-09-26 08:56:02-07:00,74,90,2019-10-03 08:56:02-07:00,46,50,2019-10-10 08:56:02-07:00,64,70,2019-10-17 08:56:02-07:00,46,60,2019-10-24 08:56:02-07:00,55,60,2019-10-31 08:56:02-07:00,90,100,2019-10-08 12:30:07-07:00,79,100,2019-11-08 12:30:07-07:00,62,100,2019-12-08 12:30:07-07:00
Jill,Walsh,jxw98212,65.0,80,2019-08-29 08:56:02-07:00,48,80,2019-09-05 08:56:02-07:00,49,80,2019-09-12 08:56:02-07:00,73,100,2019-09-19 08:56:02-07:00,47,70,2019-09-26 08:56:02-07:00,74,90,2019-10-03 08:56:02-07:00,38,50,2019-10-10 08:56:02-07:00,68,70,2019-10-17 08:56:02-07:00,50,60,2019-10-24 08:56:02-07:00,38,60,2019-10-31 08:56:02-07:00,73,100,2019-10-08 12:30:07-07:00,99,100,2019-11-08 12:30:07-07:00,78,100,2019-12-08 12:30:07-07:00
Jill,Clark,jgc21028,70.0,80,2019-08-29 08:56:02-07:00,71,80,2019-09-05 08:56:02-07:00,52,80,2019-09-12 08:56:02-07:00,96,100,2019-09-19 08:56:02-07:00,56,70,2019-09-26 08:56:02-07:00,71,90,2019-10-03 08:56:02-07:00,36,50,2019-10-10 08:56:02-07:00,55,70,2019-10-17 08:56:02-07:00,53,60,2019-10-24 08:56:02-07:00,50,60,2019-10-31 08:56:02-07:00,62,100,2019-10-08 12:30:07-07:00,94,100,2019-11-08 12:30:07-07:00,88,100,2019-12-08 12:30:07-07:00
John,Odom,jxo31236,59.0,80,2019-08-29 08:56:02-07:00,59,80,2019-09-05 08:56:02-07:00,60,80,2019-09-12 08:56:02-07:00,61,100,2019-09-19 08:56:02-07:00,44,70,2019-09-26 08:56:02-07:00,62,90,2019-10-03 08:56:02-07:00,34,50,2019-10-10 08:56:02-07:00,66,70,2019-10-17 08:56:02-07:00,52,60,2019-10-24 08:56:02-07:00,55,60,2019-10-31 08:56:02-07:00,85,100,2019-10-08 12:30:07-07:00,100,100,2019-11-08 12:30:07-07:00,80,100,2019-12-08 12:30:07-07:00
John,Harris,jlh15029,74.0,80,2019-08-29 08:56:02-07:00,77,80,2019-09-05 08:56:02-07:00,53,80,2019-09-12 08:56:02-07:00,89,100,2019-09-19 08:56:02-07:00,69,70,2019-09-26 08:56:02-07:00,87,90,2019-10-03 08:56:02-07:00,47,50,2019-10-10 08:56:02-07:00,43,70,2019-10-17 08:56:02-07:00,39,60,2019-10-24 08:56:02-07:00,60,60,2019-10-31 08:56:02-07:00,91,100,2019-10-08 12:30:07-07:00,90,100,2019-11-08 12:30:07-07:00,95,100,2019-12-08 12:30:07-07:00
John,Rodriguez,jsr21334,78.0,80,2019-08-29 08:56:02-07:00,76,80,2019-09-05 08:56:02-07:00,63,80,2019-09-12 08:56:02-07:00,61,100,2019-09-19 08:56:02-07:00,52,70,2019-09-26 08:56:02-07:00,61,90,2019-10-03 08:56:02-07:00,41,50,2019-10-10 08:56:02-07:00,55,70,2019-10-17 08:56:02-07:00,37,60,2019-10-24 08:56:02-07:00,60,60,2019-10-31 08:56:02-07:00,92,100,2019-10-08 12:30:07-07:00,68,100,2019-11-08 12:30:07-07:00,89,100,2019-12-08 12:30:07-07:00
John,Bauer,jxb40799,57.0,80,2019-08-29 08:56:02-07:00,70,80,2019-09-05 08:56:02-07:00,73,80,2019-09-12 08:56:02-07:00,83,100,2019-09-19 08:56:02-07:00,56,70,2019-09-26 08:56:02-07:00,89,90,2019-10-03 08:56:02-07:00,38,50,2019-10-10 08:56:02-07:00,57,70,2019-10-17 08:56:02-07:00,57,60,2019-10-24 08:56:02-07:00,44,60,2019-10-31 08:56:02-07:00,64,100,2019-10-08 12:30:07-07:00,88,100,2019-11-08 12:30:07-07:00,92,100,2019-12-08 12:30:07-07:00
Gregg,Flower,jgf12345,69.0,80,2019-08-29 08:56:02-07:00,52,80,2019-09-05 08:56:02-07:00,64,80,2019-09-12 08:56:02-07:00,75,100,2019-09-19 08:56:02-07:00,61,70,2019-09-26 08:56:02-07:00,83,90,2019-10-03 08:56:02-07:00,41,50,2019-10-10 08:56:02-07:00,43,70,2019-10-17 08:56:02-07:00,42,60,2019-10-24 08:56:02-07:00,40,60,2019-10-31 08:56:02-07:00,72,100,2019-10-08 12:30:07-07:00,83,100,2019-11-08 12:30:07-07:00,77,100,2019-12-08 12:30:07-07:00
John,Woodard,jxw87000,51.0,80,2019-08-29 08:56:02-07:00,68,80,2019-09-05 08:56:02-07:00,56,80,2019-09-12 08:56:02-07:00,71,100,2019-09-19 08:56:02-07:00,69,70,2019-09-26 08:56:02-07:00,60,90,2019-10-03 08:56:02-07:00,33,50,2019-10-10 08:56:02-07:00,56,70,2019-10-17 08:56:02-07:00,41,60,2019-10-24 08:56:02-07:00,60,60,2019-10-31 08:56:02-07:00,68,100,2019-10-08 12:30:07-07:00,93,100,2019-11-08 12:30:07-07:00,62,100,2019-12-08 12:30:07-07:00
Jonathan,Pena,jmp63760,53.0,80,2019-08-29 08:56:02-07:00,74,80,2019-09-05 08:56:02-07:00,55,80,2019-09-12 08:56:02-07:00,70,100,2019-09-19 08:56:02-07:00,51,70,2019-09-26 08:56:02-07:00,74,90,2019-10-03 08:56:02-07:00,33,50,2019-10-10 08:56:02-07:00,63,70,2019-10-17 08:56:02-07:00,47,60,2019-10-24 08:56:02-07:00,42,60,2019-10-31 08:56:02-07:00,74,100,2019-10-08 12:30:07-07:00,79,100,2019-11-08 12:30:07-07:00,84,100,2019-12-08 12:30:07-07:00
Jorge,Miller,jxm83777,69.0,80,2019-08-29 08:56:02-07:00,56,80,2019-09-05 08:56:02-07:00,59,80,2019-09-12 08:56:02-07:00,88,100,2019-09-19 08:56:02-07:00,50,70,2019-09-26 08:56:02-07:00,67,90,2019-10-03 08:56:02-07:00,47,50,2019-10-10 08:56:02-07:00,64,70,2019-10-17 08:56:02-07:00,58,60,2019-10-24 08:56:02-07:00,57,60,2019-10-31 08:56:02-07:00,74,100,2019-10-08 12:30:07-07:00,73,100,2019-11-08 12:30:07-07:00,81,100,2019-12-08 12:30:07-07:00
Joseph,Young,jty40106,51.0,80,2019-08-29 08:56:02-07:00,69,80,2019-09-05 08:56:02-07:00,60,80,2019-09-12 08:56:02-07:00,68,100,2019-09-19 08:56:02-07:00,67,70,2019-09-26 08:56:02-07:00,63,90,2019-10-03 08:56:02-07:00,49,50,2019-10-10 08:56:02-07:00,42,70,2019-10-17 08:56:02-07:00,55,60,2019-10-24 08:56:02-07:00,49,60,2019-10-31 08:56:02-07:00,72,100,2019-10-08 12:30:07-07:00,68,100,2019-11-08 12:30:07-07:00,96,100,2019-12-08 12:30:07-07:00
Joyce,Walls,jxw53347,59.0,80,2019-08-29 08:56:02-07:00,77,80,2019-09-05 08:56:02-07:00,61,80,2019-09-12 08:56:02-07:00,84,100,2019-09-19 08:56:02-07:00,44,70,2019-09-26 08:56:02-07:00,64,90,2019-10-03 08:56:02-07:00,40,50,2019-10-10 08:56:02-07:00,45,70,2019-10-17 08:56:02-07:00,40,60,2019-10-24 08:56:02-07:00,42,60,2019-10-31 08:56:02-07:00,69,100,2019-10-08 12:30:07-07:00,73,100,2019-11-08 12:30:07-07:00,91,100,2019-12-08 12:30:07-07:00
Katelyn,Faulkner,kxf45205,65.0,80,2019-08-29 08:56:02-07:00,65,80,2019-09-05 08:56:02-07:00,55,80,2019-09-12 08:56:02-07:00,90,100,2019-09-19 08:56:02-07:00,69,70,2019-09-26 08:56:02-07:00,65,90,2019-10-03 08:56:02-07:00,34,50,2019-10-10 08:56:02-07:00,69,70,2019-10-17 08:56:02-07:00,44,60,2019-10-24 08:56:02-07:00,42,60,2019-10-31 08:56:02-07:00,68,100,2019-10-08 12:30:07-07:00,60,100,2019-11-08 12:30:07-07:00,61,100,2019-12-08 12:30:07-07:00
Kelsey,Brown,ksb85997,78.0,80,2019-08-29 08:56:02-07:00,68,80,2019-09-05 08:56:02-07:00,52,80,2019-09-12 08:56:02-07:00,80,100,2019-09-19 08:56:02-07:00,51,70,2019-09-26 08:56:02-07:00,70,90,2019-10-03 08:56:02-07:00,49,50,2019-10-10 08:56:02-07:00,46,70,2019-10-17 08:56:02-07:00,59,60,2019-10-24 08:56:02-07:00,56,60,2019-10-31 08:56:02-07:00,80,100,2019-10-08 12:30:07-07:00,69,100,2019-11-08 12:30:07-07:00,83,100,2019-12-08 12:30:07-07:00
Kerry,Smith,kxs29884,53.0,80,2019-08-29 08:56:02-07:00,73,80,2019-09-05 08:56:02-07:00,53,80,2019-09-12 08:56:02-07:00,71,100,2019-09-19 08:56:02-07:00,63,70,2019-09-26 08:56:02-07:00,69,90,2019-10-03 08:56:02-07:00,50,50,2019-10-10 08:56:02-07:00,44,70,2019-10-17 08:56:02-07:00,55,60,2019-10-24 08:56:02-07:00,49,60,2019-10-31 08:56:02-07:00,62,100,2019-10-08 12:30:07-07:00,95,100,2019-11-08 12:30:07-07:00,84,100,2019-12-08 12:30:07-07:00
Kimberly,Rhodes,kpr82051,60.0,80,2019-08-29 08:56:02-07:00,61,80,2019-09-05 08:56:02-07:00,60,80,2019-09-12 08:56:02-07:00,79,100,2019-09-19 08:56:02-07:00,42,70,2019-09-26 08:56:02-07:00,86,90,2019-10-03 08:56:02-07:00,34,50,2019-10-10 08:56:02-07:00,48,70,2019-10-17 08:56:02-07:00,48,60,2019-10-24 08:56:02-07:00,47,60,2019-10-31 08:56:02-07:00,61,100,2019-10-08 12:30:07-07:00,62,100,2019-11-08 12:30:07-07:00,97,100,2019-12-08 12:30:07-07:00
Kimberly,Moore,kam90876,79.0,80,2019-08-29 08:56:02-07:00,60,80,2019-09-05 08:56:02-07:00,70,80,2019-09-12 08:56:02-07:00,90,100,2019-09-19 08:56:02-07:00,54,70,2019-09-26 08:56:02-07:00,61,90,2019-10-03 08:56:02-07:00,38,50,2019-10-10 08:56:02-07:00,54,70,2019-10-17 08:56:02-07:00,46,60,2019-10-24 08:56:02-07:00,36,60,2019-10-31 08:56:02-07:00,64,100,2019-10-08 12:30:07-07:00,96,100,2019-11-08 12:30:07-07:00,64,100,2019-12-08 12:30:07-07:00
Kimberly,Williams,kxw26270,72.0,80,2019-08-29 08:56:02-07:00,80,80,2019-09-05 08:56:02-07:00,63,80,2019-09-12 08:56:02-07:00,87,100,2019-09-19 08:56:02-07:00,57,70,2019-09-26 08:56:02-07:00,71,90,2019-10-03 08:56:02-07:00,30,50,2019-10-10 08:56:02-07:00,43,70,2019-10-17 08:56:02-07:00,42,60,2019-10-24 08:56:02-07:00,49,60,2019-10-31 08:56:02-07:00,82,100,2019-10-08 12:30:07-07:00,95,100,2019-11-08 12:30:07-07:00,85,100,2019-12-08 12:30:07-07:00
Kimberly,Mccall,kxm62826,61.0,80,2019-08-29 08:56:02-07:00,53,80,2019-09-05 08:56:02-07:00,79,80,2019-09-12 08:56:02-07:00,95,100,2019-09-19 08:56:02-07:00,44,70,2019-09-26 08:56:02-07:00,87,90,2019-10-03 08:56:02-07:00,36,50,2019-10-10 08:56:02-07:00,48,70,2019-10-17 08:56:02-07:00,60,60,2019-10-24 08:56:02-07:00,57,60,2019-10-31 08:56:02-07:00,79,100,2019-10-08 12:30:07-07:00,98,100,2019-11-08 12:30:07-07:00,60,100,2019-12-08 12:30:07-07:00
Kristin,Petersen,ksp17362,49.0,80,2019-08-29 08:56:02-07:00,77,80,2019-09-05 08:56:02-07:00,75,80,2019-09-12 08:56:02-07:00,90,100,2019-09-19 08:56:02-07:00,54,70,2019-09-26 08:56:02-07:00,90,90,2019-10-03 08:56:02-07:00,45,50,2019-10-10 08:56:02-07:00,47,70,2019-10-17 08:56:02-07:00,46,60,2019-10-24 08:56:02-07:00,40,60,2019-10-31 08:56:02-07:00,97,100,2019-10-08 12:30:07-07:00,68,100,2019-11-08 12:30:07-07:00,97,100,2019-12-08 12:30:07-07:00
Laura,Reid,lcr30757,51.0,80,2019-08-29 08:56:02-07:00,75,80,2019-09-05 08:56:02-07:00,48,80,2019-09-12 08:56:02-07:00,62,100,2019-09-19 08:56:02-07:00,42,70,2019-09-26 08:56:02-07:00,54,90,2019-10-03 08:56:02-07:00,32,50,2019-10-10 08:56:02-07:00,61,70,2019-10-17 08:56:02-07:00,49,60,2019-10-24 08:56:02-07:00,46,60,2019-10-31 08:56:02-07:00,64,100,2019-10-08 12:30:07-07:00,86,100,2019-11-08 12:30:07-07:00,86,100,2019-12-08 12:30:07-07:00
Lauren,Brock,lmb95641,74.0,80,2019-08-29 08:56:02-07:00,58,80,2019-09-05 08:56:02-07:00,62,80,2019-09-12 08:56:02-07:00,82,100,2019-09-19 08:56:02-07:00,54,70,2019-09-26 08:56:02-07:00,87,90,2019-10-03 08:56:02-07:00,30,50,2019-10-10 08:56:02-07:00,51,70,2019-10-17 08:56:02-07:00,60,60,2019-10-24 08:56:02-07:00,54,60,2019-10-31 08:56:02-07:00,75,100,2019-10-08 12:30:07-07:00,72,100,2019-11-08 12:30:07-07:00,96,100,2019-12-08 12:30:07-07:00
Lauren,Anderson,lba53221,55.0,80,2019-08-29 08:56:02-07:00,75,80,2019-09-05 08:56:02-07:00,57,80,2019-09-12 08:56:02-07:00,75,100,2019-09-19 08:56:02-07:00,47,70,2019-09-26 08:56:02-07:00,83,90,2019-10-03 08:56:02-07:00,48,50,2019-10-10 08:56:02-07:00,44,70,2019-10-17 08:56:02-07:00,44,60,2019-10-24 08:56:02-07:00,56,60,2019-10-31 08:56:02-07:00,94,100,2019-10-08 12:30:07-07:00,67,100,2019-11-08 12:30:07-07:00,86,100,2019-12-08 12:30:07-07:00
Leslie,Sparks,lxs77616,66.0,80,2019-08-29 08:56:02-07:00,77,80,2019-09-05 08:56:02-07:00,54,80,2019-09-12 08:56:02-07:00,66,100,2019-09-19 08:56:02-07:00,48,70,2019-09-26 08:56:02-07:00,56,90,2019-10-03 08:56:02-07:00,38,50,2019-10-10 08:56:02-07:00,63,70,2019-10-17 08:56:02-07:00,43,60,2019-10-24 08:56:02-07:00,50,60,2019-10-31 08:56:02-07:00,61,100,2019-10-08 12:30:07-07:00,95,100,2019-11-08 12:30:07-07:00,90,100,2019-12-08 12:30:07-07:00
Levi,Wilkerson,lkw48972,52.0,80,2019-08-29 08:56:02-07:00,80,80,2019-09-05 08:56:02-07:00,75,80,2019-09-12 08:56:02-07:00,62,100,2019-09-19 08:56:02-07:00,43,70,2019-09-26 08:56:02-07:00,70,90,2019-10-03 08:56:02-07:00,33,50,2019-10-10 08:56:02-07:00,42,70,2019-10-17 08:56:02-07:00,38,60,2019-10-24 08:56:02-07:00,42,60,2019-10-31 08:56:02-07:00,71,100,2019-10-08 12:30:07-07:00,96,100,2019-11-08 12:30:07-07:00,93,100,2019-12-08 12:30:07-07:00
Linda,Friedman,llf55044,49.0,80,2019-08-29 08:56:02-07:00,70,80,2019-09-05 08:56:02-07:00,62,80,2019-09-12 08:56:02-07:00,83,100,2019-09-19 08:56:02-07:00,58,70,2019-09-26 08:56:02-07:00,79,90,2019-10-03 08:56:02-07:00,42,50,2019-10-10 08:56:02-07:00,60,70,2019-10-17 08:56:02-07:00,54,60,2019-10-24 08:56:02-07:00,42,60,2019-10-31 08:56:02-07:00,64,100,2019-10-08 12:30:07-07:00,86,100,2019-11-08 12:30:07-07:00,70,100,2019-12-08 12:30:07-07:00
Lori,Gordon,lxg35058,52.0,80,2019-08-29 08:56:02-07:00,74,80,2019-09-05 08:56:02-07:00,75,80,2019-09-12 08:56:02-07:00,79,100,2019-09-19 08:56:02-07:00,67,70,2019-09-26 08:56:02-07:00,72,90,2019-10-03 08:56:02-07:00,50,50,2019-10-10 08:56:02-07:00,51,70,2019-10-17 08:56:02-07:00,40,60,2019-10-24 08:56:02-07:00,38,60,2019-10-31 08:56:02-07:00,88,100,2019-10-08 12:30:07-07:00,96,100,2019-11-08 12:30:07-07:00,76,100,2019-12-08 12:30:07-07:00
Lorraine,Carter,lxc64780,50.0,80,2019-08-29 08:56:02-07:00,66,80,2019-09-05 08:56:02-07:00,62,80,2019-09-12 08:56:02-07:00,80,100,2019-09-19 08:56:02-07:00,42,70,2019-09-26 08:56:02-07:00,66,90,2019-10-03 08:56:02-07:00,38,50,2019-10-10 08:56:02-07:00,56,70,2019-10-17 08:56:02-07:00,45,60,2019-10-24 08:56:02-07:00,43,60,2019-10-31 08:56:02-07:00,68,100,2019-10-08 12:30:07-07:00,69,100,2019-11-08 12:30:07-07:00,99,100,2019-12-08 12:30:07-07:00
Lucas,Baldwin,lxb98047,79.0,80,2019-08-29 08:56:02-07:00,50,80,2019-09-05 08:56:02-07:00,77,80,2019-09-12 08:56:02-07:00,95,100,2019-09-19 08:56:02-07:00,55,70,2019-09-26 08:56:02-07:00,76,90,2019-10-03 08:56:02-07:00,30,50,2019-10-10 08:56:02-07:00,67,70,2019-10-17 08:56:02-07:00,55,60,2019-10-24 08:56:02-07:00,50,60,2019-10-31 08:56:02-07:00,83,100,2019-10-08 12:30:07-07:00,74,100,2019-11-08 12:30:07-07:00,97,100,2019-12-08 12:30:07-07:00
Luke,Davidson,lxd16906,49.0,80,2019-08-29 08:56:02-07:00,77,80,2019-09-05 08:56:02-07:00,77,80,2019-09-12 08:56:02-07:00,94,100,2019-09-19 08:56:02-07:00,45,70,2019-09-26 08:56:02-07:00,69,90,2019-10-03 08:56:02-07:00,40,50,2019-10-10 08:56:02-07:00,53,70,2019-10-17 08:56:02-07:00,55,60,2019-10-24 08:56:02-07:00,55,60,2019-10-31 08:56:02-07:00,92,100,2019-10-08 12:30:07-07:00,62,100,2019-11-08 12:30:07-07:00,60,100,2019-12-08 12:30:07-07:00
Malaika,Lambert,mxl12345,63.0,80,2019-08-29 08:56:02-07:00,57,80,2019-09-05 08:56:02-07:00,78,80,2019-09-12 08:56:02-07:00,83,100,2019-09-19 08:56:02-07:00,61,70,2019-09-26 08:56:02-07:00,88,90,2019-10-03 08:56:02-07:00,42,50,2019-10-10 08:56:02-07:00,58,70,2019-10-17 08:56:02-07:00,45,60,2019-10-24 08:56:02-07:00,37,60,2019-10-31 08:56:02-07:00,60,100,2019-10-08 12:30:07-07:00,91,100,2019-11-08 12:30:07-07:00,93,100,2019-12-08 12:30:07-07:00
Marcia,Stevens,mxs29840,51.0,80,2019-08-29 08:56:02-07:00,72,80,2019-09-05 08:56:02-07:00,60,80,2019-09-12 08:56:02-07:00,84,100,2019-09-19 08:56:02-07:00,68,70,2019-09-26 08:56:02-07:00,73,90,2019-10-03 08:56:02-07:00,50,50,2019-10-10 08:56:02-07:00,65,70,2019-10-17 08:56:02-07:00,59,60,2019-10-24 08:56:02-07:00,59,60,2019-10-31 08:56:02-07:00,63,100,2019-10-08 12:30:07-07:00,99,100,2019-11-08 12:30:07-07:00,83,100,2019-12-08 12:30:07-07:00
Margaret,James,mjj83180,67.0,80,2019-08-29 08:56:02-07:00,63,80,2019-09-05 08:56:02-07:00,48,80,2019-09-12 08:56:02-07:00,81,100,2019-09-19 08:56:02-07:00,62,70,2019-09-26 08:56:02-07:00,89,90,2019-10-03 08:56:02-07:00,36,50,2019-10-10 08:56:02-07:00,57,70,2019-10-17 08:56:02-07:00,48,60,2019-10-24 08:56:02-07:00,51,60,2019-10-31 08:56:02-07:00,85,100,2019-10-08 12:30:07-07:00,90,100,2019-11-08 12:30:07-07:00,97,100,2019-12-08 12:30:07-07:00
Mark,Lopez,msl77920,58.0,80,2019-08-29 08:56:02-07:00,51,80,2019-09-05 08:56:02-07:00,55,80,2019-09-12 08:56:02-07:00,69,100,2019-09-19 08:56:02-07:00,65,70,2019-09-26 08:56:02-07:00,81,90,2019-10-03 08:56:02-07:00,32,50,2019-10-10 08:56:02-07:00,59,70,2019-10-17 08:56:02-07:00,45,60,2019-10-24 08:56:02-07:00,40,60,2019-10-31 08:56:02-07:00,94,100,2019-10-08 12:30:07-07:00,87,100,2019-11-08 12:30:07-07:00,78,100,2019-12-08 12:30:07-07:00
Mark,Patrick,mjp68159,70.0,80,2019-08-29 08:56:02-07:00,65,80,2019-09-05 08:56:02-07:00,73,80,2019-09-12 08:56:02-07:00,84,100,2019-09-19 08:56:02-07:00,68,70,2019-09-26 08:56:02-07:00,74,90,2019-10-03 08:56:02-07:00,34,50,2019-10-10 08:56:02-07:00,43,70,2019-10-17 08:56:02-07:00,36,60,2019-10-24 08:56:02-07:00,55,60,2019-10-31 08:56:02-07:00,92,100,2019-10-08 12:30:07-07:00,65,100,2019-11-08 12:30:07-07:00,80,100,2019-12-08 12:30:07-07:00
Matthew,Gonzalez,mjg41514,75.0,80,2019-08-29 08:56:02-07:00,74,80,2019-09-05 08:56:02-07:00,76,80,2019-09-12 08:56:02-07:00,70,100,2019-09-19 08:56:02-07:00,46,70,2019-09-26 08:56:02-07:00,62,90,2019-10-03 08:56:02-07:00,45,50,2019-10-10 08:56:02-07:00,49,70,2019-10-17 08:56:02-07:00,58,60,2019-10-24 08:56:02-07:00,52,60,2019-10-31 08:56:02-07:00,78,100,2019-10-08 12:30:07-07:00,73,100,2019-11-08 12:30:07-07:00,60,100,2019-12-08 12:30:07-07:00
Matthew,Smith,mxs33416,75.0,80,2019-08-29 08:56:02-07:00,53,80,2019-09-05 08:56:02-07:00,57,80,2019-09-12 08:56:02-07:00,69,100,2019-09-19 08:56:02-07:00,53,70,2019-09-26 08:56:02-07:00,78,90,2019-10-03 08:56:02-07:00,50,50,2019-10-10 08:56:02-07:00,51,70,2019-10-17 08:56:02-07:00,47,60,2019-10-24 08:56:02-07:00,42,60,2019-10-31 08:56:02-07:00,66,100,2019-10-08 12:30:07-07:00,63,100,2019-11-08 12:30:07-07:00,93,100,2019-12-08 12:30:07-07:00
Melissa,Poole,mxp86000,62.0,80,2019-08-29 08:56:02-07:00,70,80,2019-09-05 08:56:02-07:00,70,80,2019-09-12 08:56:02-07:00,73,100,2019-09-19 08:56:02-07:00,54,70,2019-09-26 08:56:02-07:00,82,90,2019-10-03 08:56:02-07:00,43,50,2019-10-10 08:56:02-07:00,65,70,2019-10-17 08:56:02-07:00,54,60,2019-10-24 08:56:02-07:00,51,60,2019-10-31 08:56:02-07:00,88,100,2019-10-08 12:30:07-07:00,97,100,2019-11-08 12:30:07-07:00,83,100,2019-12-08 12:30:07-07:00
Michael,Benton,mxb67936,54.0,80,2019-08-29 08:56:02-07:00,66,80,2019-09-05 08:56:02-07:00,68,80,2019-09-12 08:56:02-07:00,65,100,2019-09-19 08:56:02-07:00,50,70,2019-09-26 08:56:02-07:00,63,90,2019-10-03 08:56:02-07:00,49,50,2019-10-10 08:56:02-07:00,52,70,2019-10-17 08:56:02-07:00,48,60,2019-10-24 08:56:02-07:00,46,60,2019-10-31 08:56:02-07:00,78,100,2019-10-08 12:30:07-07:00,91,100,2019-11-08 12:30:07-07:00,91,100,2019-12-08 12:30:07-07:00
Michael,Taylor,mat59156,58.0,80,2019-08-29 08:56:02-07:00,60,80,2019-09-05 08:56:02-07:00,50,80,2019-09-12 08:56:02-07:00,72,100,2019-09-19 08:56:02-07:00,46,70,2019-09-26 08:56:02-07:00,68,90,2019-10-03 08:56:02-07:00,37,50,2019-10-10 08:56:02-07:00,49,70,2019-10-17 08:56:02-07:00,47,60,2019-10-24 08:56:02-07:00,36,60,2019-10-31 08:56:02-07:00,91,100,2019-10-08 12:30:07-07:00,68,100,2019-11-08 12:30:07-07:00,66,100,2019-12-08 12:30:07-07:00
Michele,Jones,mxj54725,67.0,80,2019-08-29 08:56:02-07:00,61,80,2019-09-05 08:56:02-07:00,65,80,2019-09-12 08:56:02-07:00,95,100,2019-09-19 08:56:02-07:00,63,70,2019-09-26 08:56:02-07:00,89,90,2019-10-03 08:56:02-07:00,42,50,2019-10-10 08:56:02-07:00,58,70,2019-10-17 08:56:02-07:00,43,60,2019-10-24 08:56:02-07:00,55,60,2019-10-31 08:56:02-07:00,100,100,2019-10-08 12:30:07-07:00,82,100,2019-11-08 12:30:07-07:00,63,100,2019-12-08 12:30:07-07:00
Michelle,Scott,mxs33225,52.0,80,2019-08-29 08:56:02-07:00,55,80,2019-09-05 08:56:02-07:00,72,80,2019-09-12 08:56:02-07:00,66,100,2019-09-19 08:56:02-07:00,44,70,2019-09-26 08:56:02-07:00,79,90,2019-10-03 08:56:02-07:00,35,50,2019-10-10 08:56:02-07:00,52,70,2019-10-17 08:56:02-07:00,50,60,2019-10-24 08:56:02-07:00,42,60,2019-10-31 08:56:02-07:00,87,100,2019-10-08 12:30:07-07:00,77,100,2019-11-08 12:30:07-07:00,92,100,2019-12-08 12:30:07-07:00
Michelle,Lee,mxl67812,56.0,80,2019-08-29 08:56:02-07:00,68,80,2019-09-05 08:56:02-07:00,57,80,2019-09-12 08:56:02-07:00,74,100,2019-09-19 08:56:02-07:00,53,70,2019-09-26 08:56:02-07:00,89,90,2019-10-03 08:56:02-07:00,32,50,2019-10-10 08:56:02-07:00,57,70,2019-10-17 08:56:02-07:00,48,60,2019-10-24 08:56:02-07:00,39,60,2019-10-31 08:56:02-07:00,91,100,2019-10-08 12:30:07-07:00,76,100,2019-11-08 12:30:07-07:00,77,100,2019-12-08 12:30:07-07:00
Nathan,Bates,nsb43944,68.0,80,2019-08-29 08:56:02-07:00,67,80,2019-09-05 08:56:02-07:00,69,80,2019-09-12 08:56:02-07:00,72,100,2019-09-19 08:56:02-07:00,61,70,2019-09-26 08:56:02-07:00,80,90,2019-10-03 08:56:02-07:00,33,50,2019-10-10 08:56:02-07:00,64,70,2019-10-17 08:56:02-07:00,55,60,2019-10-24 08:56:02-07:00,55,60,2019-10-31 08:56:02-07:00,71,100,2019-10-08 12:30:07-07:00,76,100,2019-11-08 12:30:07-07:00,82,100,2019-12-08 12:30:07-07:00
Nicole,Mann,nxm87406,73.0,80,2019-08-29 08:56:02-07:00,53,80,2019-09-05 08:56:02-07:00,80,80,2019-09-12 08:56:02-07:00,75,100,2019-09-19 08:56:02-07:00,60,70,2019-09-26 08:56:02-07:00,88,90,2019-10-03 08:56:02-07:00,49,50,2019-10-10 08:56:02-07:00,70,70,2019-10-17 08:56:02-07:00,54,60,2019-10-24 08:56:02-07:00,45,60,2019-10-31 08:56:02-07:00,99,100,2019-10-08 12:30:07-07:00,85,100,2019-11-08 12:30:07-07:00,97,100,2019-12-08 12:30:07-07:00
Nicole,Edwards,nxe44872,62.0,80,2019-08-29 08:56:02-07:00,76,80,2019-09-05 08:56:02-07:00,62,80,2019-09-12 08:56:02-07:00,79,100,2019-09-19 08:56:02-07:00,64,70,2019-09-26 08:56:02-07:00,74,90,2019-10-03 08:56:02-07:00,37,50,2019-10-10 08:56:02-07:00,58,70,2019-10-17 08:56:02-07:00,58,60,2019-10-24 08:56:02-07:00,51,60,2019-10-31 08:56:02-07:00,89,100,2019-10-08 12:30:07-07:00,63,100,2019-11-08 12:30:07-07:00,65,100,2019-12-08 12:30:07-07:00
Nicole,Patterson,njp08545,66.0,80,2019-08-29 08:56:02-07:00,66,80,2019-09-05 08:56:02-07:00,55,80,2019-09-12 08:56:02-07:00,89,100,2019-09-19 08:56:02-07:00,49,70,2019-09-26 08:56:02-07:00,83,90,2019-10-03 08:56:02-07:00,48,50,2019-10-10 08:56:02-07:00,59,70,2019-10-17 08:56:02-07:00,37,60,2019-10-24 08:56:02-07:00,53,60,2019-10-31 08:56:02-07:00,96,100,2019-10-08 12:30:07-07:00,91,100,2019-11-08 12:30:07-07:00,95,100,2019-12-08 12:30:07-07:00
Oscar,Rush,oxr30270,50.0,80,2019-08-29 08:56:02-07:00,56,80,2019-09-05 08:56:02-07:00,65,80,2019-09-12 08:56:02-07:00,80,100,2019-09-19 08:56:02-07:00,42,70,2019-09-26 08:56:02-07:00,68,90,2019-10-03 08:56:02-07:00,34,50,2019-10-10 08:56:02-07:00,67,70,2019-10-17 08:56:02-07:00,57,60,2019-10-24 08:56:02-07:00,40,60,2019-10-31 08:56:02-07:00,74,100,2019-10-08 12:30:07-07:00,80,100,2019-11-08 12:30:07-07:00,66,100,2019-12-08 12:30:07-07:00
Paige,King,pmk49230,61.0,80,2019-08-29 08:56:02-07:00,61,80,2019-09-05 08:56:02-07:00,61,80,2019-09-12 08:56:02-07:00,75,100,2019-09-19 08:56:02-07:00,63,70,2019-09-26 08:56:02-07:00,86,90,2019-10-03 08:56:02-07:00,43,50,2019-10-10 08:56:02-07:00,64,70,2019-10-17 08:56:02-07:00,50,60,2019-10-24 08:56:02-07:00,46,60,2019-10-31 08:56:02-07:00,97,100,2019-10-08 12:30:07-07:00,99,100,2019-11-08 12:30:07-07:00,63,100,2019-12-08 12:30:07-07:00
Patricia,Evans,pxe53402,57.0,80,2019-08-29 08:56:02-07:00,74,80,2019-09-05 08:56:02-07:00,69,80,2019-09-12 08:56:02-07:00,64,100,2019-09-19 08:56:02-07:00,57,70,2019-09-26 08:56:02-07:00,66,90,2019-10-03 08:56:02-07:00,40,50,2019-10-10 08:56:02-07:00,69,70,2019-10-17 08:56:02-07:00,44,60,2019-10-24 08:56:02-07:00,48,60,2019-10-31 08:56:02-07:00,72,100,2019-10-08 12:30:07-07:00,91,100,2019-11-08 12:30:07-07:00,68,100,2019-12-08 12:30:07-07:00
Paul,Johnson,pmj37756,73.0,80,2019-08-29 08:56:02-07:00,50,80,2019-09-05 08:56:02-07:00,55,80,2019-09-12 08:56:02-07:00,65,100,2019-09-19 08:56:02-07:00,47,70,2019-09-26 08:56:02-07:00,76,90,2019-10-03 08:56:02-07:00,32,50,2019-10-10 08:56:02-07:00,55,70,2019-10-17 08:56:02-07:00,40,60,2019-10-24 08:56:02-07:00,51,60,2019-10-31 08:56:02-07:00,84,100,2019-10-08 12:30:07-07:00,80,100,2019-11-08 12:30:07-07:00,94,100,2019-12-08 12:30:07-07:00
Rachel,Dennis,rxd55884,73.0,80,2019-08-29 08:56:02-07:00,67,80,2019-09-05 08:56:02-07:00,75,80,2019-09-12 08:56:02-07:00,65,100,2019-09-19 08:56:02-07:00,43,70,2019-09-26 08:56:02-07:00,69,90,2019-10-03 08:56:02-07:00,44,50,2019-10-10 08:56:02-07:00,52,70,2019-10-17 08:56:02-07:00,51,60,2019-10-24 08:56:02-07:00,41,60,2019-10-31 08:56:02-07:00,72,100,2019-10-08 12:30:07-07:00,98,100,2019-11-08 12:30:07-07:00,86,100,2019-12-08 12:30:07-07:00
Rhonda,Rice,rkr43763,77.0,80,2019-08-29 08:56:02-07:00,48,80,2019-09-05 08:56:02-07:00,53,80,2019-09-12 08:56:02-07:00,68,100,2019-09-19 08:56:02-07:00,67,70,2019-09-26 08:56:02-07:00,67,90,2019-10-03 08:56:02-07:00,50,50,2019-10-10 08:56:02-07:00,43,70,2019-10-17 08:56:02-07:00,43,60,2019-10-24 08:56:02-07:00,52,60,2019-10-31 08:56:02-07:00,61,100,2019-10-08 12:30:07-07:00,98,100,2019-11-08 12:30:07-07:00,96,100,2019-12-08 12:30:07-07:00
Ricardo,Price,rxp56459,77.0,80,2019-08-29 08:56:02-07:00,74,80,2019-09-05 08:56:02-07:00,67,80,2019-09-12 08:56:02-07:00,67,100,2019-09-19 08:56:02-07:00,67,70,2019-09-26 08:56:02-07:00,58,90,2019-10-03 08:56:02-07:00,41,50,2019-10-10 08:56:02-07:00,60,70,2019-10-17 08:56:02-07:00,38,60,2019-10-24 08:56:02-07:00,55,60,2019-10-31 08:56:02-07:00,68,100,2019-10-08 12:30:07-07:00,92,100,2019-11-08 12:30:07-07:00,75,100,2019-12-08 12:30:07-07:00
Richard,Elliott,rge65208,49.0,80,2019-08-29 08:56:02-07:00,64,80,2019-09-05 08:56:02-07:00,76,80,2019-09-12 08:56:02-07:00,80,100,2019-09-19 08:56:02-07:00,49,70,2019-09-26 08:56:02-07:00,65,90,2019-10-03 08:56:02-07:00,41,50,2019-10-10 08:56:02-07:00,55,70,2019-10-17 08:56:02-07:00,37,60,2019-10-24 08:56:02-07:00,42,60,2019-10-31 08:56:02-07:00,66,100,2019-10-08 12:30:07-07:00,64,100,2019-11-08 12:30:07-07:00,74,100,2019-12-08 12:30:07-07:00
Richard,Bennett,rjb91830,76.0,80,2019-08-29 08:56:02-07:00,75,80,2019-09-05 08:56:02-07:00,77,80,2019-09-12 08:56:02-07:00,68,100,2019-09-19 08:56:02-07:00,49,70,2019-09-26 08:56:02-07:00,80,90,2019-10-03 08:56:02-07:00,34,50,2019-10-10 08:56:02-07:00,45,70,2019-10-17 08:56:02-07:00,57,60,2019-10-24 08:56:02-07:00,53,60,2019-10-31 08:56:02-07:00,66,100,2019-10-08 12:30:07-07:00,97,100,2019-11-08 12:30:07-07:00,88,100,2019-12-08 12:30:07-07:00
Richard,Saunders,rxs30280,53.0,80,2019-08-29 08:56:02-07:00,56,80,2019-09-05 08:56:02-07:00,48,80,2019-09-12 08:56:02-07:00,87,100,2019-09-19 08:56:02-07:00,46,70,2019-09-26 08:56:02-07:00,55,90,2019-10-03 08:56:02-07:00,32,50,2019-10-10 08:56:02-07:00,57,70,2019-10-17 08:56:02-07:00,56,60,2019-10-24 08:56:02-07:00,36,60,2019-10-31 08:56:02-07:00,65,100,2019-10-08 12:30:07-07:00,93,100,2019-11-08 12:30:07-07:00,64,100,2019-12-08 12:30:07-07:00
Robert,Johnston,rsj94156,74.0,80,2019-08-29 08:56:02-07:00,64,80,2019-09-05 08:56:02-07:00,64,80,2019-09-12 08:56:02-07:00,76,100,2019-09-19 08:56:02-07:00,64,70,2019-09-26 08:56:02-07:00,56,90,2019-10-03 08:56:02-07:00,32,50,2019-10-10 08:56:02-07:00,46,70,2019-10-17 08:56:02-07:00,43,60,2019-10-24 08:56:02-07:00,43,60,2019-10-31 08:56:02-07:00,98,100,2019-10-08 12:30:07-07:00,61,100,2019-11-08 12:30:07-07:00,74,100,2019-12-08 12:30:07-07:00
Robert,Douglas,rxd29805,57.0,80,2019-08-29 08:56:02-07:00,53,80,2019-09-05 08:56:02-07:00,73,80,2019-09-12 08:56:02-07:00,78,100,2019-09-19 08:56:02-07:00,42,70,2019-09-26 08:56:02-07:00,83,90,2019-10-03 08:56:02-07:00,41,50,2019-10-10 08:56:02-07:00,69,70,2019-10-17 08:56:02-07:00,44,60,2019-10-24 08:56:02-07:00,39,60,2019-10-31 08:56:02-07:00,86,100,2019-10-08 12:30:07-07:00,67,100,2019-11-08 12:30:07-07:00,87,100,2019-12-08 12:30:07-07:00
Russell,Flores,rcf61653,48.0,80,2019-08-29 08:56:02-07:00,68,80,2019-09-05 08:56:02-07:00,71,80,2019-09-12 08:56:02-07:00,77,100,2019-09-19 08:56:02-07:00,68,70,2019-09-26 08:56:02-07:00,90,90,2019-10-03 08:56:02-07:00,30,50,2019-10-10 08:56:02-07:00,64,70,2019-10-17 08:56:02-07:00,47,60,2019-10-24 08:56:02-07:00,56,60,2019-10-31 08:56:02-07:00,64,100,2019-10-08 12:30:07-07:00,78,100,2019-11-08 12:30:07-07:00,98,100,2019-12-08 12:30:07-07:00
Samantha,Smith,sxs90647,48.0,80,2019-08-29 08:56:02-07:00,61,80,2019-09-05 08:56:02-07:00,49,80,2019-09-12 08:56:02-07:00,70,100,2019-09-19 08:56:02-07:00,61,70,2019-09-26 08:56:02-07:00,87,90,2019-10-03 08:56:02-07:00,36,50,2019-10-10 08:56:02-07:00,59,70,2019-10-17 08:56:02-07:00,53,60,2019-10-24 08:56:02-07:00,44,60,2019-10-31 08:56:02-07:00,69,100,2019-10-08 12:30:07-07:00,100,100,2019-11-08 12:30:07-07:00,74,100,2019-12-08 12:30:07-07:00
Samuel,Weber,sxw76890,71.0,80,2019-08-29 08:56:02-07:00,78,80,2019-09-05 08:56:02-07:00,74,80,2019-09-12 08:56:02-07:00,86,100,2019-09-19 08:56:02-07:00,69,70,2019-09-26 08:56:02-07:00,81,90,2019-10-03 08:56:02-07:00,31,50,2019-10-10 08:56:02-07:00,48,70,2019-10-17 08:56:02-07:00,55,60,2019-10-24 08:56:02-07:00,44,60,2019-10-31 08:56:02-07:00,79,100,2019-10-08 12:30:07-07:00,96,100,2019-11-08 12:30:07-07:00,86,100,2019-12-08 12:30:07-07:00
Sandra,Thomas,sxt33634,65.0,80,2019-08-29 08:56:02-07:00,66,80,2019-09-05 08:56:02-07:00,67,80,2019-09-12 08:56:02-07:00,68,100,2019-09-19 08:56:02-07:00,69,70,2019-09-26 08:56:02-07:00,65,90,2019-10-03 08:56:02-07:00,39,50,2019-10-10 08:56:02-07:00,64,70,2019-10-17 08:56:02-07:00,41,60,2019-10-24 08:56:02-07:00,38,60,2019-10-31 08:56:02-07:00,88,100,2019-10-08 12:30:07-07:00,62,100,2019-11-08 12:30:07-07:00,96,100,2019-12-08 12:30:07-07:00
Sara,Vasquez,sxv18182,63.0,80,2019-08-29 08:56:02-07:00,65,80,2019-09-05 08:56:02-07:00,67,80,2019-09-12 08:56:02-07:00,98,100,2019-09-19 08:56:02-07:00,70,70,2019-09-26 08:56:02-07:00,65,90,2019-10-03 08:56:02-07:00,32,50,2019-10-10 08:56:02-07:00,55,70,2019-10-17 08:56:02-07:00,40,60,2019-10-24 08:56:02-07:00,38,60,2019-10-31 08:56:02-07:00,64,100,2019-10-08 12:30:07-07:00,73,100,2019-11-08 12:30:07-07:00,75,100,2019-12-08 12:30:07-07:00
Sarah,Jones,sxj49423,62.0,80,2019-08-29 08:56:02-07:00,49,80,2019-09-05 08:56:02-07:00,55,80,2019-09-12 08:56:02-07:00,80,100,2019-09-19 08:56:02-07:00,49,70,2019-09-26 08:56:02-07:00,71,90,2019-10-03 08:56:02-07:00,37,50,2019-10-10 08:56:02-07:00,60,70,2019-10-17 08:56:02-07:00,36,60,2019-10-24 08:56:02-07:00,37,60,2019-10-31 08:56:02-07:00,89,100,2019-10-08 12:30:07-07:00,68,100,2019-11-08 12:30:07-07:00,94,100,2019-12-08 12:30:07-07:00
Scott,Cervantes,sxc85021,51.0,80,2019-08-29 08:56:02-07:00,70,80,2019-09-05 08:56:02-07:00,65,80,2019-09-12 08:56:02-07:00,78,100,2019-09-19 08:56:02-07:00,65,70,2019-09-26 08:56:02-07:00,68,90,2019-10-03 08:56:02-07:00,45,50,2019-10-10 08:56:02-07:00,66,70,2019-10-17 08:56:02-07:00,55,60,2019-10-24 08:56:02-07:00,56,60,2019-10-31 08:56:02-07:00,60,100,2019-10-08 12:30:07-07:00,100,100,2019-11-08 12:30:07-07:00,89,100,2019-12-08 12:30:07-07:00
Shawn,Marshall,sgm04582,70.0,80,2019-08-29 08:56:02-07:00,73,80,2019-09-05 08:56:02-07:00,50,80,2019-09-12 08:56:02-07:00,96,100,2019-09-19 08:56:02-07:00,49,70,2019-09-26 08:56:02-07:00,55,90,2019-10-03 08:56:02-07:00,46,50,2019-10-10 08:56:02-07:00,52,70,2019-10-17 08:56:02-07:00,38,60,2019-10-24 08:56:02-07:00,39,60,2019-10-31 08:56:02-07:00,69,100,2019-10-08 12:30:07-07:00,68,100,2019-11-08 12:30:07-07:00,62,100,2019-12-08 12:30:07-07:00
Sherry,Rogers,sbr74322,58.0,80,2019-08-29 08:56:02-07:00,60,80,2019-09-05 08:56:02-07:00,49,80,2019-09-12 08:56:02-07:00,68,100,2019-09-19 08:56:02-07:00,50,70,2019-09-26 08:56:02-07:00,75,90,2019-10-03 08:56:02-07:00,33,50,2019-10-10 08:56:02-07:00,44,70,2019-10-17 08:56:02-07:00,55,60,2019-10-24 08:56:02-07:00,56,60,2019-10-31 08:56:02-07:00,63,100,2019-10-08 12:30:07-07:00,92,100,2019-11-08 12:30:07-07:00,80,100,2019-12-08 12:30:07-07:00
Sherry,Good,smg03171,50.0,80,2019-08-29 08:56:02-07:00,48,80,2019-09-05 08:56:02-07:00,77,80,2019-09-12 08:56:02-07:00,94,100,2019-09-19 08:56:02-07:00,54,70,2019-09-26 08:56:02-07:00,77,90,2019-10-03 08:56:02-07:00,44,50,2019-10-10 08:56:02-07:00,62,70,2019-10-17 08:56:02-07:00,48,60,2019-10-24 08:56:02-07:00,47,60,2019-10-31 08:56:02-07:00,89,100,2019-10-08 12:30:07-07:00,88,100,2019-11-08 12:30:07-07:00,64,100,2019-12-08 12:30:07-07:00
Stacy,Johnson,smj00936,74.0,80,2019-08-29 08:56:02-07:00,55,80,2019-09-05 08:56:02-07:00,60,80,2019-09-12 08:56:02-07:00,67,100,2019-09-19 08:56:02-07:00,46,70,2019-09-26 08:56:02-07:00,85,90,2019-10-03 08:56:02-07:00,43,50,2019-10-10 08:56:02-07:00,42,70,2019-10-17 08:56:02-07:00,59,60,2019-10-24 08:56:02-07:00,48,60,2019-10-31 08:56:02-07:00,96,100,2019-10-08 12:30:07-07:00,80,100,2019-11-08 12:30:07-07:00,86,100,2019-12-08 12:30:07-07:00
Stephanie,Sampson,sxs30610,77.0,80,2019-08-29 08:56:02-07:00,50,80,2019-09-05 08:56:02-07:00,57,80,2019-09-12 08:56:02-07:00,81,100,2019-09-19 08:56:02-07:00,69,70,2019-09-26 08:56:02-07:00,84,90,2019-10-03 08:56:02-07:00,39,50,2019-10-10 08:56:02-07:00,54,70,2019-10-17 08:56:02-07:00,46,60,2019-10-24 08:56:02-07:00,59,60,2019-10-31 08:56:02-07:00,87,100,2019-10-08 12:30:07-07:00,100,100,2019-11-08 12:30:07-07:00,75,100,2019-12-08 12:30:07-07:00
Stephen,Miller,sem28474,50.0,80,2019-08-29 08:56:02-07:00,48,80,2019-09-05 08:56:02-07:00,63,80,2019-09-12 08:56:02-07:00,77,100,2019-09-19 08:56:02-07:00,57,70,2019-09-26 08:56:02-07:00,81,90,2019-10-03 08:56:02-07:00,49,50,2019-10-10 08:56:02-07:00,69,70,2019-10-17 08:56:02-07:00,55,60,2019-10-24 08:56:02-07:00,41,60,2019-10-31 08:56:02-07:00,72,100,2019-10-08 12:30:07-07:00,70,100,2019-11-08 12:30:07-07:00,97,100,2019-12-08 12:30:07-07:00
Steven,Roberts,skr62062,56.0,80,2019-08-29 08:56:02-07:00,75,80,2019-09-05 08:56:02-07:00,76,80,2019-09-12 08:56:02-07:00,92,100,2019-09-19 08:56:02-07:00,59,70,2019-09-26 08:56:02-07:00,74,90,2019-10-03 08:56:02-07:00,38,50,2019-10-10 08:56:02-07:00,60,70,2019-10-17 08:56:02-07:00,59,60,2019-10-24 08:56:02-07:00,49,60,2019-10-31 08:56:02-07:00,70,100,2019-10-08 12:30:07-07:00,80,100,2019-11-08 12:30:07-07:00,67,100,2019-12-08 12:30:07-07:00
Tamara,Warren,tsw14969,74.0,80,2019-08-29 08:56:02-07:00,53,80,2019-09-05 08:56:02-07:00,48,80,2019-09-12 08:56:02-07:00,92,100,2019-09-19 08:56:02-07:00,57,70,2019-09-26 08:56:02-07:00,58,90,2019-10-03 08:56:02-07:00,44,50,2019-10-10 08:56:02-07:00,54,70,2019-10-17 08:56:02-07:00,56,60,2019-10-24 08:56:02-07:00,52,60,2019-10-31 08:56:02-07:00,77,100,2019-10-08 12:30:07-07:00,80,100,2019-11-08 12:30:07-07:00,99,100,2019-12-08 12:30:07-07:00
Tammy,Leon,tgl37922,63.0,80,2019-08-29 08:56:02-07:00,75,80,2019-09-05 08:56:02-07:00,63,80,2019-09-12 08:56:02-07:00,70,100,2019-09-19 08:56:02-07:00,64,70,2019-09-26 08:56:02-07:00,87,90,2019-10-03 08:56:02-07:00,33,50,2019-10-10 08:56:02-07:00,55,70,2019-10-17 08:56:02-07:00,47,60,2019-10-24 08:56:02-07:00,42,60,2019-10-31 08:56:02-07:00,88,100,2019-10-08 12:30:07-07:00,90,100,2019-11-08 12:30:07-07:00,87,100,2019-12-08 12:30:07-07:00
Tara,Johnson,txj17476,53.0,80,2019-08-29 08:56:02-07:00,74,80,2019-09-05 08:56:02-07:00,65,80,2019-09-12 08:56:02-07:00,82,100,2019-09-19 08:56:02-07:00,45,70,2019-09-26 08:56:02-07:00,59,90,2019-10-03 08:56:02-07:00,48,50,2019-10-10 08:56:02-07:00,56,70,2019-10-17 08:56:02-07:00,40,60,2019-10-24 08:56:02-07:00,57,60,2019-10-31 08:56:02-07:00,71,100,2019-10-08 12:30:07-07:00,91,100,2019-11-08 12:30:07-07:00,95,100,2019-12-08 12:30:07-07:00
Taylor,Hernandez,thh29195,54.0,80,2019-08-29 08:56:02-07:00,52,80,2019-09-05 08:56:02-07:00,53,80,2019-09-12 08:56:02-07:00,67,100,2019-09-19 08:56:02-07:00,56,70,2019-09-26 08:56:02-07:00,77,90,2019-10-03 08:56:02-07:00,33,50,2019-10-10 08:56:02-07:00,57,70,2019-10-17 08:56:02-07:00,52,60,2019-10-24 08:56:02-07:00,46,60,2019-10-31 08:56:02-07:00,92,100,2019-10-08 12:30:07-07:00,83,100,2019-11-08 12:30:07-07:00,98,100,2019-12-08 12:30:07-07:00
Thomas,Terry,txt65366,72.0,80,2019-08-29 08:56:02-07:00,60,80,2019-09-05 08:56:02-07:00,51,80,2019-09-12 08:56:02-07:00,96,100,2019-09-19 08:56:02-07:00,51,70,2019-09-26 08:56:02-07:00,87,90,2019-10-03 08:56:02-07:00,31,50,2019-10-10 08:56:02-07:00,43,70,2019-10-17 08:56:02-07:00,41,60,2019-10-24 08:56:02-07:00,50,60,2019-10-31 08:56:02-07:00,83,100,2019-10-08 12:30:07-07:00,74,100,2019-11-08 12:30:07-07:00,99,100,2019-12-08 12:30:07-07:00
Tiffany,Ortega,tmo55387,64.0,80,2019-08-29 08:56:02-07:00,56,80,2019-09-05 08:56:02-07:00,56,80,2019-09-12 08:56:02-07:00,63,100,2019-09-19 08:56:02-07:00,58,70,2019-09-26 08:56:02-07:00,79,90,2019-10-03 08:56:02-07:00,30,50,2019-10-10 08:56:02-07:00,65,70,2019-10-17 08:56:02-07:00,51,60,2019-10-24 08:56:02-07:00,51,60,2019-10-31 08:56:02-07:00,70,100,2019-10-08 12:30:07-07:00,82,100,2019-11-08 12:30:07-07:00,62,100,2019-12-08 12:30:07-07:00
Timothy,Parker,txp55047,50.0,80,2019-08-29 08:56:02-07:00,76,80,2019-09-05 08:56:02-07:00,65,80,2019-09-12 08:56:02-07:00,72,100,2019-09-19 08:56:02-07:00,68,70,2019-09-26 08:56:02-07:00,65,90,2019-10-03 08:56:02-07:00,42,50,2019-10-10 08:56:02-07:00,50,70,2019-10-17 08:56:02-07:00,43,60,2019-10-24 08:56:02-07:00,59,60,2019-10-31 08:56:02-07:00,73,100,2019-10-08 12:30:07-07:00,93,100,2019-11-08 12:30:07-07:00,66,100,2019-12-08 12:30:07-07:00
Timothy,Edwards,tce09928,49.0,80,2019-08-29 08:56:02-07:00,72,80,2019-09-05 08:56:02-07:00,60,80,2019-09-12 08:56:02-07:00,87,100,2019-09-19 08:56:02-07:00,49,70,2019-09-26 08:56:02-07:00,84,90,2019-10-03 08:56:02-07:00,30,50,2019-10-10 08:56:02-07:00,49,70,2019-10-17 08:56:02-07:00,39,60,2019-10-24 08:56:02-07:00,60,60,2019-10-31 08:56:02-07:00,68,100,2019-10-08 12:30:07-07:00,73,100,2019-11-08 12:30:07-07:00,71,100,2019-12-08 12:30:07-07:00
Timothy,Ramirez,txr84689,72.0,80,2019-08-29 08:56:02-07:00,73,80,2019-09-05 08:56:02-07:00,65,80,2019-09-12 08:56:02-07:00,73,100,2019-09-19 08:56:02-07:00,49,70,2019-09-26 08:56:02-07:00,79,90,2019-10-03 08:56:02-07:00,49,50,2019-10-10 08:56:02-07:00,57,70,2019-10-17 08:56:02-07:00,54,60,2019-10-24 08:56:02-07:00,51,60,2019-10-31 08:56:02-07:00,84,100,2019-10-08 12:30:07-07:00,69,100,2019-11-08 12:30:07-07:00,87,100,2019-12-08 12:30:07-07:00
Tommy,Foster,txf41578,49.0,80,2019-08-29 08:56:02-07:00,63,80,2019-09-05 08:56:02-07:00,51,80,2019-09-12 08:56:02-07:00,83,100,2019-09-19 08:56:02-07:00,64,70,2019-09-26 08:56:02-07:00,86,90,2019-10-03 08:56:02-07:00,32,50,2019-10-10 08:56:02-07:00,56,70,2019-10-17 08:56:02-07:00,51,60,2019-10-24 08:56:02-07:00,38,60,2019-10-31 08:56:02-07:00,78,100,2019-10-08 12:30:07-07:00,88,100,2019-11-08 12:30:07-07:00,65,100,2019-12-08 12:30:07-07:00
Traci,Joyce,txj12345,,80,2019-08-29 08:56:02-07:00,77,80,2019-09-05 08:56:02-07:00,58,80,2019-09-12 08:56:02-07:00,91,100,2019-09-19 08:56:02-07:00,66,70,2019-09-26 08:56:02-07:00,78,90,2019-10-03 08:56:02-07:00,30,50,2019-10-10 08:56:02-07:00,69,70,2019-10-17 08:56:02-07:00,59,60,2019-10-24 08:56:02-07:00,53,60,2019-10-31 08:56:02-07:00,100,100,2019-10-08 12:30:07-07:00,84,100,2019-11-08 12:30:07-07:00,64,100,2019-12-08 12:30:07-07:00
Travis,Washington,txw75701,64.0,80,2019-08-29 08:56:02-07:00,67,80,2019-09-05 08:56:02-07:00,56,80,2019-09-12 08:56:02-07:00,92,100,2019-09-19 08:56:02-07:00,50,70,2019-09-26 08:56:02-07:00,85,90,2019-10-03 08:56:02-07:00,46,50,2019-10-10 08:56:02-07:00,69,70,2019-10-17 08:56:02-07:00,40,60,2019-10-24 08:56:02-07:00,52,60,2019-10-31 08:56:02-07:00,94,100,2019-10-08 12:30:07-07:00,74,100,2019-11-08 12:30:07-07:00,68,100,2019-12-08 12:30:07-07:00
Troy,Raymond,tbr17292,50.0,80,2019-08-29 08:56:02-07:00,59,80,2019-09-05 08:56:02-07:00,79,80,2019-09-12 08:56:02-07:00,98,100,2019-09-19 08:56:02-07:00,65,70,2019-09-26 08:56:02-07:00,68,90,2019-10-03 08:56:02-07:00,44,50,2019-10-10 08:56:02-07:00,66,70,2019-10-17 08:56:02-07:00,45,60,2019-10-24 08:56:02-07:00,49,60,2019-10-31 08:56:02-07:00,91,100,2019-10-08 12:30:07-07:00,67,100,2019-11-08 12:30:07-07:00,100,100,2019-12-08 12:30:07-07:00
Victoria,Boyd,vkb66346,58.0,80,2019-08-29 08:56:02-07:00,61,80,2019-09-05 08:56:02-07:00,75,80,2019-09-12 08:56:02-07:00,99,100,2019-09-19 08:56:02-07:00,52,70,2019-09-26 08:56:02-07:00,86,90,2019-10-03 08:56:02-07:00,34,50,2019-10-10 08:56:02-07:00,51,70,2019-10-17 08:56:02-07:00,40,60,2019-10-24 08:56:02-07:00,50,60,2019-10-31 08:56:02-07:00,68,100,2019-10-08 12:30:07-07:00,93,100,2019-11-08 12:30:07-07:00,69,100,2019-12-08 12:30:07-07:00
William,Daniel,wad63934,48.0,80,2019-08-29 08:56:02-07:00,60,80,2019-09-05 08:56:02-07:00,72,80,2019-09-12 08:56:02-07:00,76,100,2019-09-19 08:56:02-07:00,65,70,2019-09-26 08:56:02-07:00,60,90,2019-10-03 08:56:02-07:00,38,50,2019-10-10 08:56:02-07:00,62,70,2019-10-17 08:56:02-07:00,51,60,2019-10-24 08:56:02-07:00,36,60,2019-10-31 08:56:02-07:00,84,100,2019-10-08 12:30:07-07:00,91,100,2019-11-08 12:30:07-07:00,95,100,2019-12-08 12:30:07-07:00
Woody,Barrera,wxb12345,55.0,80,2019-08-29 08:56:02-07:00,62,80,2019-09-05 08:56:02-07:00,73,80,2019-09-12 08:56:02-07:00,83,100,2019-09-19 08:56:02-07:00,68,70,2019-09-26 08:56:02-07:00,87,90,2019-10-03 08:56:02-07:00,36,50,2019-10-10 08:56:02-07:00,43,70,2019-10-17 08:56:02-07:00,45,60,2019-10-24 08:56:02-07:00,46,60,2019-10-31 08:56:02-07:00,86,100,2019-10-08 12:30:07-07:00,62,100,2019-11-08 12:30:07-07:00,90,100,2019-12-08 12:30:07-07:00
