,Email Address,Section,First Name,Last Name,Homework 1,Homework 1 - Max Points,Homework 2,Homework 2 - Max Points,Homework 3,Homework 3 - Max Points,Homework 4,Homework 4 - Max Points,Homework 5,Homework 5 - Max Points,Homework 6,Homework 6 - Max Points,Homework 7,Homework 7 - Max Points,Homework 8,Homework 8 - Max Points,Homework 9,Homework 9 - Max Points,Homework 10,Homework 10 - Max Points,Exam 1,Exam 1 - Max Points,Exam 2,Exam 2 - Max Points,Exam 3,Exam 3 - Max Points,Quiz 5,Quiz 4,Quiz 2,Quiz 3,Quiz 1,Exam 1 Score,Exam 2 Score,Exam 3 Score,Total Homework,Average Homework,Homework Score,Total Quizzes,Average Quizzes,Quiz Score,Final Score,Ceiling Score,Final Grade
ara97741,amy.adams@univ.edu,1,Amy,Adams,49.0,80,53,80,55,80,78,100,46,70,59,90,49,50,58,70,39,60,54,60,87,100,74,100,76,100,10,8,11,12,9,0.87,0.74,0.76,0.7297297297297297,0.7413769841269842,0.7413769841269842,0.7297297297297297,0.7324318818436466,0.7324318818436466,0.7477803582038876,75.0,C
cxa22039,christina.allen@univ.edu,1,Christina,Allen,63.0,80,78,80,76,80,68,100,53,70,83,90,44,50,69,70,39,60,43,60,60,100,70,100,67,100,8,14,12,14,10,0.6,0.7,0.67,0.8324324324324325,0.8304246031746032,0.8324324324324325,0.8324324324324325,0.8398573975044563,0.8398573975044563,0.7854301922243099,79.0,C
lxb98047,lucas.baldwin@univ.edu,1,Lucas,Baldwin,79.0,80,50,80,77,80,95,100,55,70,76,90,30,50,67,70,55,60,50,60,83,100,74,100,97,100,11,12,10,9,7,0.83,0.74,0.97,0.8567567567567568,0.8462301587301588,0.8567567567567568,0.8567567567567568,0.7212503183091419,0.8567567567567568,0.8607297297297298,87.0,B
wxb12345,woody.barrera_jr@univ.edu,1,Woody,Barrera,55.0,80,62,80,73,80,83,100,68,70,87,90,36,50,43,70,45,60,46,60,86,100,62,100,90,100,10,7,10,11,4,0.86,0.62,0.9,0.8081081081081081,0.799404761904762,0.8081081081081081,0.8081081081081081,0.6021390374331551,0.8081081081081081,0.8056756756756757,81.0,B
jxb40799,john.bauer@univ.edu,1,John,Bauer,57.0,80,70,80,73,80,83,100,56,70,89,90,38,50,57,70,57,60,44,60,64,100,88,100,92,100,8,9,7,13,4,0.64,0.88,0.92,0.8432432432432433,0.8376507936507936,0.8432432432432433,0.8432432432432433,0.5809065444359562,0.8432432432432433,0.8482702702702705,85.0,B
djb29817,david.beck@univ.edu,1,David,Beck,62.0,80,79,80,48,80,61,100,43,70,59,90,42,50,51,70,55,60,39,60,91,100,74,100,65,100,7,12,7,7,4,0.91,0.74,0.65,0.7283783783783784,0.7377579365079365,0.7377579365079365,0.7283783783783784,0.5365087853323148,0.7283783783783784,0.7306166881166882,74.0,C
rjb91830,richard.bennett@univ.edu,1,Richard,Bennett,76.0,80,75,80,77,80,68,100,49,70,80,90,34,50,45,70,57,60,53,60,66,100,97,100,88,100,10,8,6,9,10,0.66,0.97,0.88,0.8297297297297297,0.8275079365079365,0.8297297297297297,0.8297297297297297,0.6486529157117393,0.8297297297297297,0.8428108108108108,85.0,B
cxd92501,cameron.dennis@univ.edu,1,Cameron,Dennis,75.0,80,73,80,59,80,61,100,43,70,67,90,36,50,59,70,51,60,54,60,88,100,66,100,68,100,4,5,6,13,4,0.88,0.66,0.68,0.7810810810810811,0.7869087301587301,0.7869087301587301,0.7810810810810811,0.4437636872930991,0.7810810810810811,0.7610878163878164,77.0,C
eed42850,emily.dudley@univ.edu,1,Emily,Dudley,53.0,80,80,80,62,80,93,100,70,70,62,90,40,50,62,70,37,60,37,60,96,100,73,100,76,100,9,9,9,8,5,0.96,0.73,0.76,0.8054054054054054,0.7975436507936509,0.8054054054054054,0.8054054054054054,0.5835981665393429,0.8054054054054054,0.7987837837837838,80.0,B
exd72538,erin.duffy@univ.edu,1,Erin,Duffy,66.0,80,54,80,50,80,65,100,56,70,65,90,35,50,46,70,46,60,59,60,85,100,92,100,88,100,10,5,12,14,9,0.85,0.92,0.88,0.7324324324324324,0.740436507936508,0.740436507936508,0.7324324324324324,0.7264374840845429,0.7324324324324324,0.7824043329043329,79.0,C
rge65208,richard.elliott@univ.edu,1,Richard,Elliott,49.0,80,64,80,76,80,80,100,49,70,65,90,41,50,55,70,37,60,42,60,66,100,64,100,74,100,12,11,13,17,6,0.66,0.64,0.74,0.754054054054054,0.7507103174603175,0.754054054054054,0.754054054054054,0.8395670995670995,0.8395670995670995,0.7614917514917515,77.0,C
kxf45205,katelyn.faulkner@univ.edu,1,Katelyn,Faulkner,65.0,80,65,80,55,80,90,100,69,70,65,90,34,50,69,70,44,60,42,60,68,100,60,100,61,100,6,14,12,17,6,0.68,0.6,0.61,0.8081081081081081,0.8019484126984127,0.8081081081081081,0.8081081081081081,0.7690909090909092,0.8081081081081081,0.7511756756756757,76.0,C
txf41578,tommy.foster@univ.edu,1,Tommy,Foster,49.0,80,63,80,51,80,83,100,64,70,86,90,32,50,56,70,51,60,38,60,78,100,88,100,65,100,9,10,9,7,9,0.78,0.88,0.65,0.7743243243243243,0.7660674603174602,0.7743243243243243,0.7743243243243243,0.6588464476699771,0.7743243243243243,0.766527027027027,77.0,C
jag55224,jessica.garza@univ.edu,1,Jessica,Garza,49.0,80,77,80,71,80,69,100,44,70,74,90,46,50,64,70,46,60,55,60,90,100,79,100,62,100,10,11,8,16,8,0.9,0.79,0.62,0.8040540540540541,0.8120912698412699,0.8120912698412699,0.8040540540540541,0.764166030048383,0.8040540540540541,0.7830527241527242,79.0,C
mjg41514,matthew.gonzalez@univ.edu,1,Matthew,Gonzalez,75.0,80,74,80,76,80,70,100,46,70,62,90,45,50,49,70,58,60,52,60,78,100,73,100,60,100,12,11,6,16,7,0.78,0.73,0.6,0.8202702702702702,0.8291865079365079,0.8291865079365079,0.8202702702702702,0.7526508785332314,0.8202702702702702,0.7797556842556843,78.0,C
cxg21963,cynthia.guzman@univ.edu,1,Cynthia,Guzman,63.0,80,68,80,48,80,67,100,55,70,54,90,38,50,51,70,57,60,47,60,64,100,74,100,66,100,7,10,15,14,6,0.64,0.74,0.66,0.7405405405405405,0.7515119047619048,0.7515119047619048,0.7405405405405405,0.7333206009676598,0.7405405405405405,0.7277669240669241,73.0,C
jlh15029,john.harris@univ.edu,1,John,Harris,74.0,80,77,80,53,80,89,100,69,70,87,90,47,50,43,70,39,60,60,60,91,100,90,100,95,100,12,6,14,12,9,0.91,0.9,0.95,0.8621621621621621,0.8596666666666668,0.8621621621621621,0.8621621621621621,0.7771937866055513,0.8621621621621621,0.8815135135135135,89.0,B
cxh80084,colleen.hart@univ.edu,1,Colleen,Hart,48.0,80,70,80,59,80,81,100,46,70,62,90,38,50,52,70,45,60,59,60,68,100,72,100,62,100,7,9,6,17,6,0.68,0.72,0.62,0.7567567567567568,0.7604722222222222,0.7604722222222222,0.7567567567567568,0.6343290043290043,0.7567567567567568,0.730215915915916,74.0,C
thh29195,taylor.hernandez@univ.edu,1,Taylor,Hernandez,54.0,80,52,80,53,80,67,100,56,70,77,90,33,50,57,70,52,60,46,60,92,100,83,100,98,100,9,5,12,14,11,0.92,0.83,0.98,0.7391891891891892,0.7420674603174603,0.7420674603174603,0.7391891891891892,0.7461344537815127,0.7461344537815127,0.7966673202614378,80.0,B
edh14938,emily.houston@univ.edu,1,Emily,Houston,54.0,80,60,80,56,80,71,100,56,70,71,90,46,50,55,70,52,60,40,60,100,100,78,100,87,100,11,5,9,17,8,1.0,0.78,0.87,0.7581081081081081,0.7662936507936509,0.7662936507936509,0.7581081081081081,0.7202164502164502,0.7581081081081081,0.7924498927498929,80.0,B
bch39598,brett.hunt@univ.edu,1,Brett,Hunt,72.0,80,72,80,57,80,77,100,62,70,78,90,43,50,42,70,43,60,58,60,85,100,72,100,89,100,12,7,11,16,4,0.85,0.72,0.89,0.8162162162162162,0.8178214285714285,0.8178214285714285,0.8162162162162162,0.7076292335115865,0.8162162162162162,0.8199934362934362,82.0,B
dcj14616,daniel.jones@univ.edu,1,Daniel,Jones,61.0,80,49,80,78,80,98,100,56,70,85,90,32,50,42,70,40,60,58,60,79,100,68,100,61,100,10,7,8,11,8,0.79,0.68,0.61,0.8094594594594594,0.7947777777777778,0.8094594594594594,0.8094594594594594,0.6481996434937611,0.8094594594594594,0.7656216216216216,77.0,C
mxj54725,michele.jones@univ.edu,1,Michele,Jones,67.0,80,61,80,65,80,95,100,63,70,89,90,42,50,58,70,43,60,55,60,100,100,82,100,63,100,6,6,6,12,7,1.0,0.82,0.63,0.8621621621621621,0.855329365079365,0.8621621621621621,0.8621621621621621,0.5341634835752482,0.8621621621621621,0.8300135135135135,84.0,B
txj12345,traci.joyce@univ.edu,1,Traci,Joyce,0.0,80,77,80,58,80,91,100,66,70,78,90,30,50,69,70,59,60,53,60,100,100,84,100,64,100,4,9,6,14,8,1.0,0.84,0.64,0.7851351351351351,0.7859404761904762,0.7859404761904762,0.7851351351351351,0.5853985230455819,0.7851351351351351,0.779916731016731,78.0,C
pmk49230,paige.king@univ.edu,1,Paige,King,61.0,80,61,80,61,80,75,100,63,70,86,90,43,50,64,70,50,60,46,60,97,100,99,100,63,100,9,14,13,17,8,0.97,0.99,0.63,0.8243243243243243,0.826734126984127,0.826734126984127,0.8243243243243243,0.8687878787878788,0.8687878787878788,0.8333300144300144,84.0,B
mxl67812,michelle.lee@univ.edu,1,Michelle,Lee,56.0,80,68,80,57,80,74,100,53,70,89,90,32,50,57,70,48,60,39,60,91,100,76,100,77,100,10,10,13,16,9,0.91,0.76,0.77,0.7743243243243243,0.765281746031746,0.7743243243243243,0.7743243243243243,0.8347288006111535,0.8347288006111535,0.7971483699130757,80.0,B
msl77920,mark.lopez@univ.edu,1,Mark,Lopez,58.0,80,51,80,55,80,69,100,65,70,81,90,32,50,59,70,45,60,40,60,94,100,87,100,78,100,9,7,15,15,4,0.94,0.87,0.78,0.75,0.7468095238095238,0.75,0.75,0.6991978609625669,0.75,0.776,78.0,C
nxm87406,nicole.mann@univ.edu,1,Nicole,Mann,73.0,80,53,80,80,80,75,100,60,70,88,90,49,50,70,70,54,60,45,60,99,100,85,100,97,100,9,11,8,12,11,0.99,0.85,0.97,0.8743243243243243,0.8789920634920636,0.8789920634920636,0.8743243243243243,0.754985994397759,0.8743243243243243,0.8938941226941227,90.0,A
sgm04582,shawn.marshall@univ.edu,1,Shawn,Marshall,70.0,80,73,80,50,80,96,100,49,70,55,90,46,50,52,70,38,60,39,60,69,100,68,100,62,100,6,11,9,15,8,0.69,0.68,0.62,0.7675675675675676,0.7629801587301588,0.7675675675675676,0.7675675675675676,0.6990679908326967,0.7675675675675676,0.7327972972972974,74.0,C
jxm83777,jorge.miller@univ.edu,1,Jorge,Miller,69.0,80,56,80,59,80,88,100,50,70,67,90,47,50,64,70,58,60,57,60,74,100,73,100,81,100,11,14,10,6,10,0.74,0.73,0.81,0.831081081081081,0.8409682539682539,0.8409682539682539,0.831081081081081,0.7690730837789661,0.831081081081081,0.8172116259116259,82.0,B
kam90876,kimberly.moore@univ.edu,1,Kimberly,Moore,79.0,80,60,80,70,80,90,100,54,70,61,90,38,50,54,70,46,60,36,60,64,100,96,100,64,100,4,8,14,17,6,0.64,0.96,0.64,0.7945945945945946,0.7859801587301587,0.7945945945945946,0.7945945945945946,0.6767099567099566,0.7945945945945946,0.7802162162162163,79.0,C
dxn21936,donna.nguyen@univ.edu,1,Donna,Nguyen,52.0,80,78,80,59,80,76,100,55,70,58,90,32,50,65,70,48,60,46,60,70,100,87,100,64,100,4,9,12,14,7,0.7,0.87,0.64,0.768918918918919,0.7687896825396825,0.768918918918919,0.768918918918919,0.6472167048637637,0.768918918918919,0.7562432432432433,76.0,C
tmo55387,tiffany.ortega@univ.edu,1,Tiffany,Ortega,64.0,80,56,80,56,80,63,100,58,70,79,90,30,50,65,70,51,60,51,60,70,100,82,100,62,100,12,14,8,15,7,0.7,0.82,0.62,0.7743243243243243,0.7764920634920635,0.7764920634920635,0.7743243243243243,0.810409982174688,0.810409982174688,0.7637198200492318,77.0,C
txp55047,timothy.parker@univ.edu,1,Timothy,Parker,50.0,80,76,80,65,80,72,100,68,70,65,90,42,50,50,70,43,60,59,60,73,100,93,100,66,100,10,14,14,13,9,0.73,0.93,0.66,0.7972972972972973,0.8055436507936508,0.8055436507936508,0.7972972972972973,0.8699108734402852,0.8699108734402852,0.8116907223495459,82.0,B
mjp68159,mark.patrick@univ.edu,1,Mark,Patrick,70.0,80,65,80,73,80,84,100,68,70,74,90,34,50,43,70,36,60,55,60,92,100,65,100,80,100,4,8,11,10,10,0.92,0.65,0.8,0.8135135135135135,0.8044603174603173,0.8135135135135135,0.8135135135135135,0.6270842882607588,0.8135135135135135,0.8004594594594595,81.0,B
dxp49123,douglas.payne@univ.edu,1,Douglas,Payne,48.0,80,55,80,49,80,62,100,46,70,90,90,35,50,62,70,51,60,51,60,74,100,71,100,96,100,5,12,7,7,8,0.74,0.71,0.96,0.7418918918918919,0.7462857142857142,0.7462857142857142,0.7418918918918919,0.575902724726254,0.7418918918918919,0.7730818532818533,78.0,C
jmp63760,jonathan.pena@univ.edu,1,Jonathan,Pena,53.0,80,74,80,55,80,70,100,51,70,74,90,33,50,63,70,47,60,42,60,74,100,79,100,84,100,5,10,8,13,9,0.74,0.79,0.84,0.7594594594594595,0.7569126984126984,0.7594594594594595,0.7594594594594595,0.6494346829640947,0.7594594594594595,0.7736216216216216,78.0,C
ksp17362,kristin.petersen@univ.edu,1,Kristin,Petersen,49.0,80,77,80,75,80,90,100,54,70,90,90,45,50,47,70,46,60,40,60,97,100,68,100,97,100,5,5,8,7,8,0.97,0.68,0.97,0.8283783783783784,0.8188690476190477,0.8283783783783784,0.8283783783783784,0.4892360580595875,0.8283783783783784,0.8418648648648648,85.0,B
bdp78944,brooke.powers@univ.edu,1,Brooke,Powers,80.0,80,60,80,53,80,66,100,46,70,85,90,45,50,54,70,44,60,57,60,77,100,87,100,90,100,8,10,10,17,6,0.77,0.87,0.9,0.7972972972972973,0.8028849206349206,0.8028849206349206,0.7972972972972973,0.7186147186147186,0.7972972972972973,0.8208431574431574,83.0,B
rkr43763,rhonda.rice@univ.edu,1,Rhonda,Rice,77.0,80,48,80,53,80,68,100,67,70,67,90,50,50,43,70,43,60,52,60,61,100,98,100,96,100,9,6,9,14,8,0.61,0.98,0.96,0.7675675675675676,0.780420634920635,0.780420634920635,0.7675675675675676,0.6658747135217722,0.7675675675675676,0.8149385242385242,82.0,B
bms82804,beth.sanders@univ.edu,1,Beth,Sanders,59.0,80,67,80,53,80,85,100,68,70,77,90,41,50,52,70,50,60,42,60,73,100,71,100,67,100,9,10,12,9,4,0.73,0.71,0.67,0.8027027027027027,0.8010674603174603,0.8027027027027027,0.8027027027027027,0.631466768525592,0.8027027027027027,0.7698918918918919,77.0,C
rxs30280,richard.saunders@univ.edu,1,Richard,Saunders,53.0,80,56,80,48,80,87,100,46,70,55,90,32,50,57,70,56,60,36,60,65,100,93,100,64,100,12,12,8,15,10,0.65,0.93,0.64,0.7108108108108108,0.7088373015873015,0.7108108108108108,0.7108108108108108,0.836384008148714,0.836384008148714,0.7567395267689385,76.0,C
bxs54690,billy.schwartz@univ.edu,1,Billy,Schwartz,56.0,80,52,80,56,80,89,100,46,70,66,90,33,50,51,70,48,60,52,60,89,100,62,100,93,100,9,10,12,11,11,0.89,0.62,0.93,0.7418918918918919,0.7385714285714284,0.7418918918918919,0.7418918918918919,0.7822689075630253,0.7822689075630253,0.7774374290256644,78.0,C
kxs29884,kerry.smith@univ.edu,1,Kerry,Smith,53.0,80,73,80,53,80,71,100,63,70,69,90,50,50,44,70,55,60,49,60,62,100,95,100,84,100,5,5,13,16,4,0.62,0.95,0.84,0.7837837837837838,0.7976071428571428,0.7976071428571428,0.7837837837837838,0.5890578049401579,0.7837837837837838,0.8061779922779924,81.0,B
mxs33416,matthew.smith@univ.edu,1,Matthew,Smith,75.0,80,53,80,57,80,69,100,53,70,78,90,50,50,51,70,47,60,42,60,66,100,63,100,93,100,8,7,14,7,8,0.66,0.63,0.93,0.777027027027027,0.7838214285714286,0.7838214285714286,0.777027027027027,0.647807486631016,0.777027027027027,0.7821366795366795,79.0,C
txt65366,thomas.terry@univ.edu,1,Thomas,Terry,72.0,80,60,80,51,80,96,100,51,70,87,90,31,50,43,70,41,60,50,60,83,100,74,100,99,100,9,8,14,13,8,0.83,0.74,0.99,0.7864864864864864,0.7693690476190476,0.7864864864864864,0.7864864864864864,0.7493481028775146,0.7864864864864864,0.8145405405405406,82.0,B
sxt33634,sandra.thomas@univ.edu,1,Sandra,Thomas,65.0,80,66,80,67,80,68,100,69,70,65,90,39,50,64,70,41,60,38,60,88,100,62,100,96,100,4,8,10,14,9,0.88,0.62,0.96,0.7864864864864864,0.7873888888888889,0.7873888888888889,0.7864864864864864,0.6426279602750191,0.7864864864864864,0.8009015015015015,81.0,B
jxu45537,james.underwood@univ.edu,1,James,Underwood,65.0,80,74,80,73,80,81,100,66,70,79,90,40,50,45,70,51,60,39,60,77,100,76,100,84,100,9,9,13,8,5,0.77,0.76,0.84,0.8283783783783784,0.8223492063492064,0.8283783783783784,0.8283783783783784,0.6369314998726764,0.8283783783783784,0.8203648648648649,83.0,B
sxv18182,sara.vasquez@univ.edu,1,Sara,Vasquez,63.0,80,65,80,67,80,98,100,70,70,65,90,32,50,55,70,40,60,38,60,64,100,73,100,75,100,5,6,7,8,5,0.64,0.73,0.75,0.8013513513513514,0.7865436507936507,0.8013513513513514,0.8013513513513514,0.4474076903488668,0.8013513513513514,0.778445945945946,78.0,C
jxw53347,joyce.walls@univ.edu,1,Joyce,Walls,59.0,80,77,80,61,80,84,100,44,70,64,90,40,50,45,70,40,60,42,60,69,100,73,100,91,100,12,7,6,9,10,0.69,0.73,0.91,0.7513513513513513,0.7451706349206351,0.7513513513513513,0.7513513513513513,0.6677005347593583,0.7513513513513513,0.7699459459459459,77.0,C
jxw98212,jill.walsh@univ.edu,1,Jill,Walsh,65.0,80,48,80,49,80,73,100,47,70,74,90,38,50,68,70,50,60,38,60,73,100,99,100,78,100,4,9,13,6,6,0.73,0.99,0.78,0.7432432432432432,0.7446746031746031,0.7446746031746031,0.7432432432432432,0.5482505729564553,0.7432432432432432,0.7733428142428143,78.0,C
axw80146,angela.warren@univ.edu,1,Angela,Warren,54.0,80,62,80,59,80,77,100,59,70,85,90,44,50,55,70,58,60,48,60,70,100,84,100,78,100,10,5,14,10,8,0.7,0.84,0.78,0.8121621621621622,0.817718253968254,0.817718253968254,0.8121621621621622,0.6878635090399797,0.8121621621621622,0.8067359502359503,81.0,B
tsw14969,tamara.warren@univ.edu,1,Tamara,Warren,74.0,80,53,80,48,80,92,100,57,70,58,90,44,50,54,70,56,60,52,60,77,100,80,100,99,100,11,7,14,16,10,0.77,0.8,0.99,0.7945945945945946,0.8017658730158731,0.8017658730158731,0.7945945945945946,0.8400534759358289,0.8400534759358289,0.839722391987098,84.0,B
txw75701,travis.washington@univ.edu,1,Travis,Washington,64.0,80,67,80,56,80,92,100,50,70,85,90,46,50,69,70,40,60,52,60,94,100,74,100,68,100,8,9,13,10,11,0.94,0.74,0.68,0.8391891891891892,0.8355277777777778,0.8391891891891892,0.8391891891891892,0.7528851540616246,0.8391891891891892,0.8104324324324325,82.0,B
sxw76890,samuel.weber@univ.edu,1,Samuel,Weber,71.0,80,78,80,74,80,86,100,69,70,81,90,31,50,48,70,55,60,44,60,79,100,96,100,86,100,6,5,12,14,6,0.79,0.96,0.86,0.8608108108108108,0.8488928571428571,0.8608108108108108,0.8608108108108108,0.6052253628724217,0.8608108108108108,0.8670675675675676,87.0,B
jty40106,joseph.young@univ.edu,1,Joseph,Young,51.0,80,69,80,60,80,68,100,67,70,63,90,49,50,42,70,55,60,49,60,72,100,68,100,96,100,10,11,14,12,8,0.72,0.68,0.96,0.7743243243243243,0.7900476190476191,0.7900476190476191,0.7743243243243243,0.7971072065189713,0.7971072065189713,0.8031512095747391,81.0,B
