Date,AAPL,JPM,XOM,JNJ,SPY
2021-01-04,125.63,109.0,33.25,133.63,342.44
2021-01-05,127.19,109.59,34.85,135.2,344.8
2021-01-06,122.9,114.74,35.74,136.47,346.86
2021-01-07,127.1,118.51,36.02,136.93,352.01
2021-01-08,128.2,118.64,36.42,136.65,354.02
2021-01-11,125.22,120.41,37.53,136.08,351.63
2021-01-12,125.04,122.3,38.36,135.02,351.7
2021-01-13,127.07,122.42,38.8,134.82,352.65
2021-01-14,125.15,123.13,40.31,137.17,351.42
2021-01-15,123.43,120.92,38.37,136.87,348.85
2021-01-19,124.1,120.4,39.13,138.99,351.59
2021-01-20,128.18,118.59,39.69,138.65,356.46
2021-01-21,132.87,117.6,38.55,138.09,356.78
2021-01-22,135.01,116.69,38.0,139.65,355.52
2021-01-25,138.75,115.24,37.58,141.72,356.92
2021-01-26,138.98,114.77,36.75,145.57,356.37
2021-01-27,137.91,111.52,36.34,143.35,347.66
2021-01-28,133.09,113.48,36.9,144.44,350.65
2021-01-29,128.11,112.23,35.93,139.29,343.63
2021-02-01,130.22,113.06,35.99,138.93,349.35
2021-02-02,131.05,116.54,36.56,137.68,354.29
2021-02-03,130.03,117.87,37.99,137.04,354.56
2021-02-04,133.38,120.58,38.72,138.32,358.59
2021-02-05,132.97,120.35,40.02,140.42,360.0
2021-02-08,133.11,122.23,41.74,140.82,362.6
2021-02-09,132.24,121.74,41.26,141.97,362.36
2021-02-10,131.63,121.81,41.65,142.43,362.21
2021-02-11,131.38,121.47,40.61,141.79,362.79
2021-02-12,131.61,123.2,41.17,142.24,364.58
2021-02-16,129.5,126.17,42.4,140.95,364.27
2021-02-17,127.21,126.56,43.06,141.45,364.35
2021-02-18,126.11,126.99,42.39,141.52,362.8
2021-02-19,126.27,129.11,42.67,139.16,362.16
2021-02-22,122.5,130.32,44.25,139.08,359.37
2021-02-23,122.37,131.36,44.86,137.85,359.81
2021-02-24,121.87,133.68,46.2,139.69,363.77
2021-02-25,117.63,131.86,45.44,139.84,355.01
2021-02-26,117.9,128.36,44.3,136.15,353.18
2021-03-01,124.25,131.27,45.96,136.88,361.74
2021-03-02,121.65,130.84,45.69,136.63,358.92
2021-03-03,118.67,133.37,46.05,134.22,354.16
2021-03-04,116.8,131.32,47.84,131.51,349.78
2021-03-05,118.05,131.63,49.65,134.12,356.22
2021-03-08,113.13,133.37,49.6,135.23,354.44
2021-03-09,117.73,132.43,48.83,135.49,359.5
2021-03-10,116.65,135.31,50.33,136.74,361.74
2021-03-11,118.58,134.6,49.96,136.73,365.41
2021-03-12,117.67,136.2,50.5,137.13,365.9
2021-03-15,120.55,135.52,49.21,137.83,368.08
2021-03-16,122.09,133.89,48.17,138.65,367.62
2021-03-17,121.3,135.27,48.38,138.13,368.87
2021-03-18,117.19,137.5,46.29,137.87,363.51
2021-03-19,116.66,135.32,46.03,137.5,362.83
2021-03-22,119.97,131.68,45.56,137.9,365.73
2021-03-23,119.14,130.36,45.0,137.77,362.85
2021-03-24,116.76,131.37,45.91,139.11,361.01
2021-03-25,117.24,133.06,45.78,139.16,363.04
2021-03-26,117.85,135.27,47.02,141.7,368.89
2021-03-29,118.02,133.17,46.77,142.66,368.7
2021-03-30,116.57,134.74,46.19,141.77,367.72
2021-03-31,118.76,132.78,45.49,141.21,369.21
2021-04-01,119.59,134.07,46.76,139.9,373.2
2021-04-05,122.41,134.78,46.04,140.42,378.56
2021-04-06,122.71,133.83,45.91,140.38,378.33
2021-04-07,124.35,135.93,46.11,140.57,378.77
2021-04-08,126.74,136.09,45.63,140.02,380.57
2021-04-09,129.31,137.11,45.53,138.54,383.34
2021-04-12,127.6,136.82,45.22,138.88,383.48
2021-04-13,130.7,135.19,45.39,137.02,384.61
2021-04-14,128.37,132.66,46.71,137.4,383.3
2021-04-15,130.77,133.51,46.43,137.8,387.42
2021-04-16,130.44,134.5,46.17,139.39,388.71
2021-04-19,131.1,133.93,46.02,139.78,386.8
2021-04-20,129.42,130.96,45.05,143.04,383.97
2021-04-21,129.8,132.08,45.63,143.13,387.6
2021-04-22,128.28,129.3,45.04,141.92,384.06
2021-04-23,130.59,131.77,45.28,142.21,388.23
2021-04-26,130.98,132.09,45.37,141.01,389.04
2021-04-27,130.66,132.7,45.97,140.2,388.95
2021-04-28,129.87,133.56,47.35,139.17,388.84
2021-04-29,129.78,136.16,48.03,141.08,391.32
2021-04-30,127.81,134.95,46.64,139.81,388.75
2021-05-03,128.86,134.55,47.93,141.95,389.59
2021-05-04,124.3,136.41,48.23,144.14,387.18
2021-05-05,124.55,138.2,49.68,143.54,387.31
2021-05-06,126.14,140.98,50.15,144.12,390.4
2021-05-07,126.81,141.46,50.87,144.77,393.24
2021-05-10,123.54,141.45,50.99,146.29,389.35
2021-05-11,122.63,139.1,49.37,145.1,385.87
2021-05-12,119.57,138.14,49.64,144.51,377.67
2021-05-13,121.71,141.69,49.02,146.03,382.21
2021-05-14,124.13,143.89,50.24,146.25,388.08
2021-05-17,122.98,144.47,51.41,146.4,387.09
2021-05-18,121.59,142.44,49.96,146.45,383.76
2021-05-19,121.44,141.35,48.76,146.13,382.75
2021-05-20,123.99,141.1,48.64,146.98,386.87
2021-05-21,122.16,142.71,48.71,146.89,386.55
2021-05-24,123.78,143.48,49.28,147.45,390.49
2021-05-25,123.59,142.0,48.16,147.04,389.63
2021-05-26,123.54,141.98,48.73,146.17,390.4
2021-05-27,122.01,144.19,48.41,145.94,390.6
2021-05-28,121.36,144.1,48.26,146.32,391.3
2021-06-01,121.04,145.68,49.98,143.11,390.96
2021-06-02,121.8,145.69,50.38,143.69,391.57
2021-06-03,120.32,145.79,50.58,143.55,390.12
2021-06-04,122.61,146.03,50.8,143.49,393.69
2021-06-07,122.62,145.34,50.47,142.51,393.31
2021-06-08,123.43,144.76,51.36,141.26,393.39
2021-06-09,123.81,142.96,51.79,143.16,392.8
2021-06-10,122.82,140.73,51.88,144.45,394.63
2021-06-11,124.03,140.63,51.4,142.61,395.28
2021-06-14,127.08,138.24,51.31,142.97,396.17
2021-06-15,126.26,136.15,53.18,142.21,395.44
2021-06-16,126.75,137.1,52.99,142.16,393.23
2021-06-17,128.35,133.15,51.25,142.84,393.1
2021-06-18,127.06,129.78,49.93,140.04,387.8
2021-06-21,128.85,131.98,51.74,141.65,393.35
2021-06-22,130.48,131.79,52.74,141.46,395.45
2021-06-23,130.21,132.59,53.12,140.6,394.97
2021-06-24,129.93,133.8,53.34,141.24,397.31
2021-06-25,129.64,135.16,53.46,141.97,398.72
2021-06-28,131.26,135.4,52.09,141.8,399.53
2021-06-29,132.77,135.23,51.77,141.81,399.74
2021-06-30,133.39,136.46,52.15,142.42,400.08
2021-07-01,133.69,137.81,52.3,143.48,402.29
2021-07-02,136.31,137.68,52.22,146.09,405.37
2021-07-06,138.31,135.37,50.74,145.22,404.63
2021-07-07,140.8,135.53,49.94,146.46,406.06
2021-07-08,139.5,133.19,49.72,146.18,402.75
2021-07-09,141.32,137.45,50.62,146.76,407.05
2021-07-12,140.73,139.42,50.57,146.52,408.51
2021-07-13,141.84,137.35,50.33,146.34,407.12
2021-07-14,145.26,136.88,49.21,147.33,407.72
2021-07-15,144.61,137.18,48.73,145.56,406.33
2021-07-16,142.57,134.05,47.39,145.33,403.14
2021-07-19,138.73,129.69,45.76,144.27,397.19
2021-07-20,142.34,132.11,46.26,145.63,402.88
2021-07-21,141.61,134.88,47.75,146.53,406.14
2021-07-22,142.97,133.18,47.21,146.95,406.99
2021-07-23,144.68,132.93,47.16,148.52,411.18
2021-07-26,145.1,133.82,48.35,148.59,412.19
2021-07-27,142.94,133.64,47.81,149.27,410.31
2021-07-28,141.2,133.86,48.13,148.86,410.14
2021-07-29,141.84,135.01,48.72,148.86,411.85
2021-07-30,142.05,133.93,47.59,148.87,409.84
2021-08-02,141.72,133.39,47.6,148.93,408.99
2021-08-03,143.52,134.91,48.11,150.77,412.31
2021-08-04,143.12,133.46,46.99,149.88,410.28
2021-08-05,143.22,135.14,47.29,150.16,412.88
2021-08-06,142.54,138.98,47.83,149.66,413.56
2021-08-09,142.49,138.83,47.29,150.18,413.23
2021-08-10,142.01,140.53,48.1,150.23,413.74
2021-08-11,142.27,142.21,48.24,150.26,414.77
2021-08-12,145.22,142.76,48.13,151.47,416.01
2021-08-13,145.43,141.17,47.64,152.38,416.77
2021-08-16,147.4,140.24,46.95,153.75,417.75
2021-08-17,146.49,138.55,46.63,155.16,415.01
2021-08-18,142.76,137.28,45.65,153.19,410.47
2021-08-19,143.09,136.14,44.25,154.38,411.11
2021-08-20,144.54,136.53,44.26,155.13,414.38
2021-08-23,146.02,138.27,46.08,154.46,418.02
2021-08-24,145.93,139.13,46.46,152.53,418.69
2021-08-25,144.71,142.0,46.54,151.52,419.57
2021-08-26,143.91,142.73,45.91,150.72,417.09
2021-08-27,144.94,143.88,46.8,150.39,420.82
2021-08-30,149.35,141.57,46.29,151.03,422.67
2021-08-31,148.09,141.14,45.75,150.57,422.04
2021-09-01,148.75,140.94,45.13,151.1,422.27
2021-09-02,149.87,141.59,46.22,152.13,423.57
2021-09-03,150.5,140.73,46.05,152.23,423.46
2021-09-07,152.83,140.49,45.78,149.86,421.95
2021-09-08,151.29,139.86,45.36,149.5,421.43
2021-09-09,150.28,140.47,45.39,146.17,419.63
2021-09-10,145.3,138.86,45.3,145.21,416.32
2021-09-13,145.87,141.06,46.47,144.19,417.39
2021-09-14,144.47,138.6,45.81,143.32,415.13
2021-09-15,145.36,139.56,47.35,143.86,418.6
2021-09-16,145.13,139.5,46.85,143.69,417.94
2021-09-17,142.46,139.14,46.29,143.28,413.87
2021-09-20,139.42,134.97,45.06,142.46,406.97
2021-09-21,139.9,134.99,45.02,143.09,406.58
2021-09-22,142.26,137.58,46.33,142.57,410.55
2021-09-23,143.21,142.23,47.9,143.38,415.54
2021-09-24,143.3,143.87,48.33,142.94,416.22
2021-09-27,141.79,147.34,49.77,141.91,415.03
2021-09-28,138.41,146.55,50.29,141.59,406.67
2021-09-29,139.31,146.44,50.25,142.64,407.35
2021-09-30,138.01,144.44,49.36,140.45,402.37
2021-10-01,139.14,147.48,51.13,139.56,407.15
2021-10-04,135.71,147.32,51.8,138.47,401.9
2021-10-05,137.63,149.72,51.71,138.78,406.09
2021-10-06,138.5,150.04,50.76,139.07,407.77
2021-10-07,139.76,150.99,50.91,140.31,411.3
2021-10-08,139.38,151.11,52.18,139.96,410.55
2021-10-11,139.29,147.93,51.66,139.37,407.58
2021-10-12,138.02,146.79,51.39,137.14,406.57
2021-10-13,137.44,142.92,51.25,138.45,408.04
2021-10-14,140.22,145.12,52.03,139.24,414.9
2021-10-15,141.27,147.9,52.53,140.28,418.06
2021-10-18,142.94,147.85,52.5,139.25,419.3
2021-10-19,145.1,149.64,53.29,142.51,422.53
2021-10-20,145.58,151.66,53.58,142.44,424.19
2021-10-21,145.8,150.47,52.61,142.11,425.3
2021-10-22,145.03,152.49,52.97,142.38,424.86
2021-10-25,144.98,151.75,54.0,142.7,427.14
2021-10-26,145.64,152.16,55.25,144.15,427.52
2021-10-27,145.18,148.99,53.82,142.4,425.63
2021-10-28,148.81,151.23,53.97,141.63,429.73
2021-10-29,146.11,150.82,54.1,141.65,430.6
2021-11-01,145.29,150.74,55.08,141.77,431.34
2021-11-02,146.33,151.33,54.4,144.01,433.09
2021-11-03,147.76,151.38,53.65,143.55,435.73
2021-11-04,147.24,149.4,54.05,143.15,437.79
2021-11-05,147.77,149.18,54.57,142.13,439.31
2021-11-08,146.95,150.08,55.15,141.64,439.68
2021-11-09,147.31,148.94,55.69,141.33,438.23
2021-11-10,144.49,148.8,54.59,142.86,434.7
2021-11-11,144.44,148.79,54.7,141.81,434.84
2021-11-12,146.51,148.13,54.28,143.51,438.12
2021-11-15,146.52,147.86,54.75,142.21,438.27
2021-11-16,147.5,146.79,55.3,141.47,440.01
2021-11-17,149.93,146.0,54.7,142.0,438.94
2021-11-18,154.21,144.74,54.1,141.24,440.43
2021-11-19,156.82,142.85,51.6,141.66,439.64
2021-11-22,157.28,145.9,52.31,139.8,438.41
2021-11-23,157.66,149.39,53.69,140.66,438.99
2021-11-24,158.18,148.21,53.99,140.27,440.16
2021-11-26,153.17,143.75,52.09,139.36,430.34
2021-11-29,156.52,143.13,52.38,139.84,435.62
2021-11-30,161.46,141.0,50.89,136.5,427.14
2021-12-01,160.95,140.16,50.85,138.38,422.4
2021-12-02,159.96,143.11,52.12,137.51,428.87
2021-12-03,158.08,140.52,51.79,139.52,425.14
2021-12-06,161.48,142.18,52.37,142.63,430.17
2021-12-07,167.21,144.32,52.96,143.0,439.07
2021-12-08,171.02,142.67,53.11,143.86,440.23
2021-12-09,170.51,142.44,53.25,145.22,437.26
2021-12-10,175.29,141.88,53.59,144.87,441.38
2021-12-13,171.66,140.19,52.42,147.46,437.47
2021-12-14,170.28,141.26,52.34,149.07,434.46
2021-12-15,175.14,140.21,52.11,149.81,441.25
2021-12-16,168.26,142.4,52.2,151.45,437.36
2021-12-17,167.17,139.16,51.06,147.26,432.7
2021-12-20,165.81,136.66,50.32,146.84,428.1
2021-12-21,168.98,138.56,51.46,146.37,435.7
2021-12-22,171.56,139.11,51.87,147.0,440.06
2021-12-23,172.19,139.6,51.9,147.28,442.8
2021-12-27,176.15,140.4,52.64,148.52,449.06
2021-12-28,175.13,140.83,52.47,149.12,448.7
2021-12-29,175.22,140.76,52.01,150.17,449.27
2021-12-30,174.06,140.69,51.7,150.84,448.03
2021-12-31,173.45,140.57,52.04,149.75,446.9
2022-01-03,177.79,143.54,54.04,150.16,449.49
2022-01-04,175.53,148.99,56.07,149.76,449.34
2022-01-05,170.86,146.26,56.77,150.76,440.71
2022-01-06,168.01,147.82,58.11,150.24,440.29
2022-01-07,168.17,149.28,58.58,152.27,438.55
2022-01-10,168.19,149.42,58.23,151.52,438.01
2022-01-11,171.02,149.58,60.68,149.91,442.0
2022-01-12,171.46,150.42,60.5,148.63,443.19
2022-01-13,168.19,150.24,60.07,147.73,437.09
2022-01-14,169.05,141.0,61.13,146.92,437.26
2022-01-18,165.86,135.09,62.15,146.27,429.52
2022-01-19,162.37,133.0,62.18,145.82,425.06
2022-01-20,160.69,131.87,62.32,144.66,420.36
2022-01-21,158.64,129.56,61.38,144.32,412.1
2022-01-24,157.87,129.45,61.91,142.66,413.85
2022-01-25,156.07,130.86,63.73,146.74,408.8
2022-01-26,155.98,132.1,63.08,147.4,407.78
2022-01-27,155.53,129.77,63.89,149.33,405.76
2022-01-28,166.38,130.93,64.03,150.38,415.84
2022-01-31,170.72,132.71,64.6,150.82,423.33
2022-02-01,170.56,134.98,68.75,149.58,426.19
2022-02-02,171.76,133.9,68.57,151.24,430.33
2022-02-03,168.89,132.8,67.77,151.23,420.21
2022-02-04,168.6,136.24,69.24,150.24,422.19
2022-02-07,167.89,136.7,70.07,149.74,420.84
2022-02-08,170.99,139.27,68.26,150.14,424.3
2022-02-09,172.41,139.85,67.93,150.12,430.51
2022-02-10,168.34,139.27,67.28,148.31,422.77
2022-02-11,164.94,137.46,68.98,146.81,414.44
2022-02-14,165.17,136.18,67.92,144.96,413.08
2022-02-15,169.0,138.17,67.07,146.46,419.74
2022-02-16,168.76,138.42,67.38,146.37,420.21
2022-02-17,165.17,135.23,67.27,145.48,411.24
2022-02-18,163.63,135.87,66.52,143.92,408.58
2022-02-22,160.71,135.63,65.75,141.96,404.19
2022-02-23,156.55,132.79,66.02,142.03,397.02
2022-02-24,159.17,129.09,65.18,139.32,403.0
2022-02-25,161.23,132.14,66.94,146.24,411.89
2022-02-28,161.49,126.63,67.44,144.99,410.83
2022-03-01,159.62,121.86,68.08,144.48,404.58
2022-03-02,162.9,124.38,69.25,146.28,412.02
2022-03-03,162.58,123.5,69.69,148.43,409.97
2022-03-04,159.59,120.03,72.31,149.31,406.64
2022-03-07,155.8,115.39,74.92,151.72,394.65
2022-03-08,153.98,114.58,75.49,148.64,391.66
2022-03-09,159.37,119.17,71.19,149.2,402.16
2022-03-10,155.04,117.76,73.4,149.47,400.34
2022-03-11,151.33,115.1,73.03,149.2,395.25
2022-03-14,147.31,116.25,70.41,151.26,392.36
2022-03-15,151.68,118.31,66.4,155.18,400.99
2022-03-16,156.09,123.6,66.15,153.75,409.88
2022-03-17,157.09,125.16,67.92,155.76,415.01
2022-03-18,160.38,125.12,67.65,154.03,419.56
2022-03-21,161.75,124.71,70.69,154.9,419.43
2022-03-22,165.11,127.37,70.38,154.17,424.34
2022-03-23,166.47,124.83,71.49,153.59,418.88
2022-03-24,170.25,125.64,71.7,154.39,425.19
2022-03-25,170.88,126.74,73.27,155.87,427.27
2022-03-28,171.74,125.8,71.21,156.67,430.31
2022-03-29,175.03,126.08,70.83,156.59,435.63
2022-03-30,173.87,125.51,72.05,158.22,432.94
2022-03-31,170.78,121.74,71.02,156.14,426.28
2022-04-01,170.48,120.84,71.48,156.98,427.48
2022-04-04,174.52,121.37,71.51,155.47,431.15
2022-04-05,171.22,119.96,71.14,156.47,425.7
2022-04-06,168.06,118.3,71.93,160.54,421.44
2022-04-07,168.36,117.94,73.14,160.13,423.57
2022-04-08,166.35,120.1,74.68,160.45,422.44
2022-04-11,162.11,119.66,72.11,158.44,415.22
2022-04-12,163.98,118.34,73.61,158.49,413.68
2022-04-13,166.66,114.53,74.65,159.16,418.41
2022-04-14,161.66,113.47,75.53,158.49,413.2
2022-04-18,161.44,115.57,76.15,156.52,413.37
2022-04-19,163.72,117.96,75.47,161.29,420.05
2022-04-20,163.56,118.38,75.64,162.01,419.74
2022-04-21,162.77,117.46,74.84,161.54,413.46
2022-04-22,158.24,114.09,73.21,159.94,402.11
2022-04-25,159.3,114.05,70.74,163.87,404.45
2022-04-26,153.36,110.68,70.76,162.7,392.73
2022-04-27,153.13,109.24,72.78,160.43,393.84
2022-04-28,160.05,110.96,74.99,161.63,403.79
2022-04-29,154.19,107.38,73.31,158.98,388.86
2022-05-02,154.49,108.36,74.31,157.38,391.2
2022-05-03,155.98,110.69,75.84,157.07,393.0
2022-05-04,162.37,114.35,78.86,158.75,404.96
2022-05-05,153.33,111.49,77.66,155.72,390.57
2022-05-06,154.05,111.31,78.85,155.38,388.24
2022-05-09,148.94,109.63,72.63,156.23,375.81
2022-05-10,151.34,106.96,73.11,156.02,376.68
2022-05-11,143.49,106.29,74.63,155.17,370.69
2022-05-12,139.63,106.2,74.97,156.7,370.31
2022-05-13,144.09,107.14,77.2,155.8,379.16
2022-05-16,142.55,106.39,79.01,156.89,377.62
2022-05-17,146.18,109.92,80.02,157.54,385.39
2022-05-18,137.93,108.04,78.75,154.61,369.85
2022-05-19,134.53,106.44,79.18,153.24,367.59
2022-05-20,134.77,105.57,79.8,155.92,367.75
2022-05-23,140.17,112.1,81.57,159.1,374.63
2022-05-24,137.48,113.68,82.01,160.84,371.77
2022-05-25,137.64,114.47,83.66,159.26,375.05
2022-05-26,140.83,116.45,83.96,159.12,382.55
2022-05-27,146.57,118.1,84.78,160.56,391.94
2022-05-31,145.79,118.96,83.4,159.18,389.74
2022-06-01,145.66,116.88,85.0,157.57,386.59
2022-06-02,148.11,118.76,84.85,157.07,393.95
2022-06-03,142.4,117.1,86.08,156.42,387.48
2022-06-06,143.14,116.71,85.87,156.41,388.66
2022-06-07,145.66,117.02,89.8,158.13,392.39
2022-06-08,144.92,115.16,90.86,157.19,388.13
2022-06-09,139.71,112.74,88.9,154.02,378.9
2022-06-10,134.32,107.55,87.27,152.99,367.91
2022-06-13,129.17,104.35,83.27,151.45,353.94
2022-06-14,130.04,102.62,83.49,149.13,352.87
2022-06-15,132.65,103.83,82.44,150.72,357.9
2022-06-16,127.39,102.05,79.39,150.8,346.06
2022-06-17,128.86,101.69,74.82,150.25,346.81
2022-06-21,133.08,104.21,79.47,153.4,355.54
2022-06-22,132.57,103.62,76.33,155.82,354.89
2022-06-23,135.43,102.49,74.03,159.3,358.37
2022-06-24,138.75,105.55,75.49,161.63,369.76
2022-06-27,138.75,104.7,77.34,161.48,368.35
2022-06-28,134.62,104.2,79.49,156.88,360.83
2022-06-29,136.37,103.73,76.55,156.93,360.53
2022-06-30,133.91,101.31,74.4,157.39,357.6
2022-07-01,136.08,102.61,76.06,159.17,361.38
2022-07-05,138.65,102.22,73.68,157.95,362.07
2022-07-06,139.99,101.55,72.35,158.09,363.29
2022-07-07,143.35,104.12,74.66,158.27,368.73
2022-07-08,144.02,103.8,74.78,158.07,368.43
2022-07-11,141.9,102.43,74.4,158.13,364.22
2022-07-12,142.87,102.53,73.41,155.92,361.0
2022-07-13,142.5,101.57,73.7,155.55,359.1
2022-07-14,145.42,98.02,72.23,155.77,358.23
2022-07-15,147.09,102.52,73.44,158.03,365.07
2022-07-18,144.05,101.46,74.8,154.48,362.06
2022-07-19,147.9,103.98,76.68,152.23,371.84
2022-07-20,149.9,103.96,77.53,151.36,374.21
2022-07-21,152.16,104.67,76.23,151.89,378.02
2022-07-22,150.93,104.16,75.65,152.61,374.51
2022-07-25,149.81,104.58,78.17,152.91,374.97
2022-07-26,148.49,102.94,77.87,153.99,370.53
2022-07-27,153.57,104.59,79.55,153.57,380.15
2022-07-28,154.12,104.2,80.48,154.46,384.92
2022-07-29,159.17,104.7,84.21,154.74,390.53
2022-08-01,158.2,103.66,82.08,154.2,389.38
2022-08-02,156.73,102.04,81.72,153.32,386.81
2022-08-03,162.72,103.11,79.07,154.8,392.87
2022-08-04,162.41,101.98,75.75,152.32,392.6
2022-08-05,162.18,105.07,76.84,151.72,391.94
2022-08-08,161.71,103.79,77.27,150.91,391.48
2022-08-09,161.76,104.72,78.7,150.89,389.93
2022-08-10,166.0,107.45,79.45,151.33,398.12
2022-08-11,165.26,109.04,81.74,148.2,398.12
2022-08-12,168.8,110.85,82.46,146.56,404.86
2022-08-15,169.87,111.15,80.98,147.26,406.52
2022-08-16,169.71,112.21,80.23,148.58,407.32
2022-08-17,171.21,111.27,80.88,148.59,404.43
2022-08-18,170.81,110.4,82.79,147.87,405.61
2022-08-19,168.23,107.67,82.53,150.12,400.15
2022-08-22,164.36,105.89,82.46,149.59,391.82
2022-08-23,164.03,104.85,85.96,148.29,390.87
2022-08-24,164.32,105.1,86.47,147.8,392.13
2022-08-25,166.77,107.6,86.92,149.18,397.66
2022-08-26,160.48,104.08,85.85,146.63,384.2
2022-08-29,158.29,103.82,87.82,145.5,381.66
2022-08-30,155.86,103.84,84.48,144.99,377.47
2022-08-31,154.21,103.22,83.85,144.01,374.6
2022-09-01,154.93,103.93,82.34,147.58,375.77
2022-09-02,152.82,103.21,83.85,145.26,371.81
2022-09-06,151.57,103.23,83.29,145.66,370.41
2022-09-07,152.97,105.19,82.58,146.45,377.06
2022-09-08,151.5,107.64,83.25,147.63,379.53
2022-09-09,154.35,108.16,84.65,147.91,385.42
2022-09-12,160.3,109.44,85.62,147.85,389.57
2022-09-13,150.89,105.64,83.62,144.01,372.63
2022-09-14,152.33,105.39,85.67,146.98,374.05
2022-09-15,149.45,106.98,83.18,147.35,369.8
2022-09-16,147.81,106.26,81.76,149.6,366.98
2022-09-19,151.52,107.24,81.75,148.42,369.83
2022-09-20,153.89,105.13,81.09,147.25,365.58
2022-09-21,150.77,102.1,79.78,145.75,359.2
2022-09-22,149.81,100.94,79.45,148.33,356.19
2022-09-23,147.55,99.06,75.22,148.82,350.22
2022-09-26,147.88,96.92,73.67,147.91,346.75
2022-09-27,148.85,96.07,75.21,147.23,345.87
2022-09-28,146.97,98.01,77.95,148.49,352.68
2022-09-29,139.75,96.35,77.79,146.86,345.31
2022-09-30,135.55,94.85,76.59,145.82,339.97
2022-10-03,139.72,97.78,80.63,145.67,348.94
2022-10-04,143.3,102.35,83.57,147.83,359.76
2022-10-05,143.59,101.09,86.95,147.38,358.92
2022-10-06,142.64,99.03,89.53,144.52,355.22
2022-10-07,137.41,97.05,88.62,143.0,345.31
2022-10-10,137.73,96.14,86.7,143.18,342.67
2022-10-11,136.32,93.37,85.96,145.25,340.5
2022-10-12,135.69,94.88,86.34,145.22,339.38
2022-10-13,140.25,100.15,89.36,147.41,348.34
2022-10-14,135.73,101.82,87.01,146.8,340.4
2022-10-17,139.68,106.1,88.26,148.7,349.14
2022-10-18,141.0,108.83,88.42,148.18,353.25
2022-10-19,141.1,106.69,91.04,147.0,350.74
2022-10-20,140.64,106.35,91.17,147.38,347.8
2022-10-21,144.45,111.93,92.86,150.59,356.25
2022-10-24,146.59,112.07,93.51,152.62,360.61
2022-10-25,149.42,112.36,92.88,152.38,366.37
2022-10-26,146.49,113.65,93.98,153.72,363.61
2022-10-27,142.03,114.1,94.34,153.81,361.67
2022-10-28,152.76,115.46,97.1,156.09,370.27
2022-10-31,150.4,115.27,97.2,155.29,367.6
2022-11-01,147.76,117.35,98.17,154.5,365.99
2022-11-02,142.25,116.27,96.15,152.13,356.81
2022-11-03,136.22,116.48,97.46,152.39,353.13
2022-11-04,135.95,119.67,98.52,153.07,358.21
2022-11-07,136.48,120.3,99.68,154.4,361.64
2022-11-08,137.05,120.37,100.0,155.17,363.59
2022-11-09,132.5,118.81,95.53,153.93,356.1
2022-11-10,144.29,123.7,96.93,155.73,375.67
2022-11-11,147.07,123.9,99.96,151.07,379.31
2022-11-14,145.68,122.63,100.25,153.45,376.08
2022-11-15,147.41,121.74,100.92,153.88,379.29
2022-11-16,146.18,121.9,99.84,154.83,376.39
2022-11-17,148.08,121.37,99.97,156.08,375.24
2022-11-18,148.64,122.56,99.11,157.28,376.95
2022-11-21,145.41,121.84,98.12,158.09,375.58
2022-11-22,147.55,123.66,100.96,158.85,380.63
2022-11-23,148.42,124.98,100.46,159.02,383.03
2022-11-25,145.51,125.22,100.11,159.23,382.94
2022-11-28,141.69,123.03,97.1,159.31,376.83
2022-11-29,138.69,125.05,97.74,158.19,376.19
2022-11-30,145.43,126.54,98.45,159.91,388.04
2022-12-01,145.71,124.76,97.97,160.58,387.75
2022-12-02,145.22,123.77,97.14,160.7,387.3
2022-12-05,144.06,120.3,94.48,160.61,380.34
2022-12-06,140.4,120.5,91.86,158.2,374.85
2022-12-07,138.47,120.42,91.65,159.16,374.21
2022-12-08,140.15,121.68,92.33,159.19,377.15
2022-12-09,139.67,121.02,91.55,157.88,374.33
2022-12-12,141.96,122.9,93.81,159.77,379.73
2022-12-13,142.92,122.78,94.84,161.0,382.6
2022-12-14,140.7,122.17,94.14,161.49,380.15
2022-12-15,134.11,119.14,93.23,159.45,370.85
2022-12-16,132.15,118.4,92.58,157.82,366.48
2022-12-19,130.05,119.1,93.0,157.65,363.37
2022-12-20,129.98,119.68,94.34,157.82,363.87
2022-12-21,133.07,121.02,95.55,159.62,369.31
2022-12-22,129.91,119.65,93.62,159.04,364.04
2022-12-23,129.55,120.22,96.1,159.44,366.13
2022-12-27,127.75,120.64,97.43,159.4,364.69
2022-12-28,123.83,121.3,95.83,158.71,360.16
2022-12-29,127.34,122.0,96.56,159.52,366.64
2022-12-30,127.65,122.8,97.53,158.7,365.67
2023-01-03,122.88,123.74,94.18,160.08,364.13
2023-01-04,124.14,124.89,94.46,161.82,366.95
2023-01-05,122.83,124.86,96.57,160.63,362.76
2023-01-06,127.35,127.25,97.74,161.93,371.08
2023-01-09,127.87,126.72,95.91,157.74,370.87
2023-01-10,128.44,127.86,97.35,157.36,373.47
2023-01-11,131.15,128.81,98.48,157.11,378.19
2023-01-12,131.07,128.68,100.11,156.32,379.57
2023-01-13,132.4,131.93,100.05,155.8,381.04
2023-01-17,133.56,129.89,99.86,154.84,380.34
2023-01-18,132.84,125.99,97.81,152.51,374.34
2023-01-19,132.9,124.31,98.43,152.3,371.61
2023-01-20,135.45,124.61,100.23,151.59,378.53
2023-01-23,138.64,126.63,99.71,151.21,383.08
2023-01-24,140.03,127.72,100.64,151.21,382.66
2023-01-25,139.37,128.34,100.11,152.28,382.81
2023-01-26,141.44,129.13,104.13,151.73,387.02
2023-01-27,143.37,129.45,102.23,151.13,387.9
2023-01-30,140.49,128.35,100.41,145.54,383.04
2023-01-31,141.76,129.11,102.58,146.81,388.67
2023-02-01,142.88,128.77,101.46,148.16,392.8
2023-02-02,148.18,128.17,98.28,148.72,398.52
2023-02-03,151.79,130.16,98.96,147.88,394.28
2023-02-06,149.07,130.92,98.8,146.76,391.87
2023-02-07,151.94,132.52,101.62,146.79,397.0
2023-02-08,149.26,131.59,100.73,146.98,392.66
2023-02-09,148.22,129.54,101.11,145.0,389.25
2023-02-10,148.59,130.11,105.38,145.67,390.16
2023-02-13,151.38,131.52,104.97,146.21,394.74
2023-02-14,150.74,132.1,103.74,145.57,394.56
2023-02-15,152.84,132.66,103.42,143.17,395.84
2023-02-16,151.25,130.83,103.12,142.16,390.39
2023-02-17,150.1,131.22,99.16,145.13,389.42
2023-02-21,146.1,128.81,99.06,142.96,381.6
2023-02-22,146.52,127.82,97.77,142.76,381.08
2023-02-23,147.0,128.85,98.67,142.72,383.1
2023-02-24,144.36,130.01,98.68,141.13,379.01
2023-02-27,145.55,131.14,98.51,140.82,380.3
2023-02-28,145.05,132.24,97.94,138.67,378.9
2023-03-01,142.98,131.5,98.81,138.05,377.44
2023-03-02,143.57,130.14,99.26,137.94,380.38
2023-03-03,148.61,132.53,100.52,139.36,386.48
2023-03-06,151.36,131.75,101.41,140.76,386.75
2023-03-07,149.17,127.88,99.45,139.43,380.82
2023-03-08,150.42,127.12,98.0,138.4,381.44
2023-03-09,148.18,120.24,97.24,136.85,374.4
2023-03-10,146.12,123.29,96.04,137.18,369.0
2023-03-13,148.06,121.08,94.93,138.49,368.48
2023-03-14,150.14,124.19,95.29,139.27,374.57
2023-03-15,150.54,118.32,90.55,139.66,372.22
2023-03-16,153.35,120.62,90.02,139.37,378.75
2023-03-17,152.51,116.06,88.96,137.88,374.33
2023-03-20,154.88,117.29,91.29,139.24,377.92
2023-03-21,156.73,120.43,95.38,139.24,382.89
2023-03-22,155.3,117.32,93.19,136.68,376.36
2023-03-23,156.38,117.01,92.14,136.75,377.38
2023-03-24,157.68,115.23,92.25,138.12,379.85
2023-03-27,155.74,118.53,94.27,138.71,380.56
2023-03-28,155.12,118.89,95.45,137.37,379.71
2023-03-29,158.19,119.13,97.09,138.72,385.23
2023-03-30,159.76,118.77,97.56,138.83,387.48
2023-03-31,162.26,120.21,97.71,140.25,392.95
2023-04-03,163.51,120.07,103.48,141.92,394.44
2023-04-04,162.97,118.47,102.49,143.41,392.26
2023-04-05,161.13,118.65,104.24,149.85,391.23
2023-04-06,162.02,118.51,102.52,149.43,392.75
2023-04-10,159.43,118.91,102.06,148.68,393.16
2023-04-11,158.22,119.49,102.78,148.64,393.26
2023-04-12,157.53,119.47,102.68,148.32,391.66
2023-04-13,162.91,119.93,103.16,150.3,396.86
2023-04-14,162.56,128.98,103.41,150.06,395.89
2023-04-17,162.58,130.01,102.2,149.9,397.31
2023-04-18,163.8,131.47,104.2,145.69,397.57
2023-04-19,164.94,131.3,103.87,147.06,397.51
2023-04-20,163.98,130.92,103.04,148.01,395.34
2023-04-21,162.37,130.67,103.37,147.21,395.64
2023-04-24,162.68,130.84,105.32,148.1,396.06
2023-04-25,161.14,128.0,103.83,149.46,389.77
2023-04-26,161.13,125.73,102.87,147.14,388.12
2023-04-27,165.71,127.42,104.1,147.49,395.84
2023-04-28,166.96,128.53,105.45,148.12,399.22
2023-05-01,166.87,131.28,102.18,148.03,398.82
2023-05-02,165.84,129.16,98.1,149.32,394.34
2023-05-03,164.76,126.43,96.17,147.37,391.63
2023-05-04,163.13,124.7,94.49,146.7,388.86
2023-05-05,170.79,127.13,96.84,147.2,396.06
2023-05-08,170.72,127.44,97.22,146.86,396.16
2023-05-09,169.02,126.83,97.25,145.72,394.42
2023-05-10,170.78,126.89,96.0,146.27,396.27
2023-05-11,170.96,126.49,94.26,145.67,395.58
2023-05-12,170.04,124.68,94.26,145.48,395.06
2023-05-15,169.54,125.73,94.43,144.37,396.42
2023-05-16,169.54,124.88,92.14,144.18,393.77
2023-05-17,170.16,128.72,94.21,143.86,398.55
2023-05-18,172.48,129.7,95.06,143.4,402.39
2023-05-19,172.59,129.4,95.5,143.79,401.81
2023-05-22,171.64,128.33,94.35,143.01,401.97
2023-05-23,169.04,126.99,95.63,142.96,397.46
2023-05-24,169.32,125.83,96.7,142.82,394.58
2023-05-25,170.45,126.14,94.97,140.77,397.99
2023-05-26,172.86,127.32,94.35,140.71,403.15
2023-05-30,174.7,127.8,93.51,140.73,403.3
2023-05-31,174.65,126.18,91.84,141.36,401.07
2023-06-01,177.45,127.91,92.9,140.89,404.88
2023-06-02,178.29,130.6,95.06,143.1,410.73
2023-06-05,176.94,129.32,94.63,144.33,409.94
2023-06-06,176.58,129.55,95.41,144.21,410.84
2023-06-07,175.21,130.81,97.54,144.52,409.42
2023-06-08,177.92,130.84,97.24,146.1,411.89
2023-06-09,178.3,131.1,96.52,145.87,412.63
2023-06-12,181.09,131.09,95.65,145.77,416.38
2023-06-13,180.62,132.04,95.67,146.54,419.12
2023-06-14,181.25,131.55,94.52,147.29,419.62
2023-06-15,183.28,133.04,95.17,149.27,424.82
2023-06-16,182.21,133.2,94.49,149.72,423.38
2023-06-20,182.29,132.52,92.32,149.63,421.18
2023-06-21,181.26,132.32,93.36,149.4,419.02
2023-06-22,184.26,129.77,92.84,150.99,420.53
2023-06-23,183.94,129.1,92.04,150.86,417.35
2023-06-26,182.55,129.41,93.73,149.18,415.65
2023-06-27,185.3,129.42,93.97,148.87,420.21
2023-06-28,186.47,128.85,94.73,148.56,420.42
2023-06-29,186.81,133.35,95.9,149.6,422.07
2023-06-30,191.12,135.22,96.39,150.9,427.06
2023-07-03,189.64,136.31,96.58,148.92,427.55
2023-07-05,188.52,135.4,96.09,148.43,426.91
2023-07-06,189.0,134.06,92.5,147.32,423.57
2023-07-07,187.88,135.12,92.72,145.18,422.5
2023-07-10,185.84,135.88,94.09,145.42,423.57
2023-07-11,185.32,138.0,95.24,144.62,426.27
2023-07-12,186.99,138.69,95.71,144.12,429.7
2023-07-13,187.74,139.36,93.96,144.78,433.11
2023-07-14,187.89,140.2,90.72,145.75,432.84
2023-07-17,191.14,143.58,91.12,145.02,434.34
2023-07-18,190.89,143.85,90.71,145.01,437.57
2023-07-19,192.24,144.4,91.33,144.72,438.54
2023-07-20,190.3,146.18,92.94,153.51,435.63
2023-07-21,189.12,145.05,93.37,155.16,435.63
2023-07-24,189.92,147.91,94.84,155.97,437.58
2023-07-25,190.78,146.8,94.98,157.16,438.77
2023-07-26,191.65,147.68,94.45,157.46,438.84
2023-07-27,190.38,146.06,94.75,158.35,435.93
2023-07-28,192.96,146.89,93.62,159.07,440.2
2023-07-31,193.57,147.87,96.39,152.73,441.03
2023-08-01,192.74,147.14,95.83,153.97,439.77
2023-08-02,189.75,145.47,94.63,154.9,433.65
2023-08-03,188.36,146.36,96.28,155.57,432.41
2023-08-04,179.32,146.06,96.55,154.11,430.46
2023-08-07,176.23,146.75,96.35,157.81,434.21
2023-08-08,177.16,145.92,96.83,157.88,432.33
2023-08-09,175.58,143.97,98.47,157.78,429.43
2023-08-10,175.36,143.75,98.97,156.96,429.59
2023-08-11,175.42,144.59,100.51,158.49,429.34
2023-08-14,177.07,144.89,100.59,158.12,431.71
2023-08-15,175.08,141.2,98.01,157.66,426.68
2023-08-16,174.21,140.6,96.36,157.16,423.55
2023-08-17,171.68,139.14,98.23,158.64,420.32
2023-08-18,172.16,139.46,99.71,157.25,420.52
2023-08-21,173.49,139.93,98.51,152.57,423.26
2023-08-22,174.86,137.03,97.95,151.35,422.11
2023-08-23,178.7,137.96,97.09,150.0,426.81
2023-08-24,174.03,137.83,96.37,150.51,420.9
2023-08-25,176.23,137.66,98.09,152.66,423.87
2023-08-28,177.79,138.14,98.92,150.86,426.55
2023-08-29,181.66,139.26,99.5,150.88,432.72
2023-08-30,185.15,138.7,100.47,150.35,434.5
2023-08-31,185.36,136.98,100.75,148.47,433.87
2023-09-01,186.93,137.44,102.87,147.37,434.68
2023-09-05,187.17,135.93,102.88,147.55,432.8
2023-09-06,180.47,135.7,103.76,145.1,429.89
2023-09-07,175.19,134.54,103.26,146.95,428.57
2023-09-08,175.8,134.64,104.76,147.44,429.21
2023-09-11,176.97,135.23,103.45,149.37,432.04
2023-09-12,173.95,136.99,106.46,150.21,429.67
2023-09-13,171.89,137.06,105.51,150.59,430.17
2023-09-14,173.39,139.72,107.4,150.36,433.88
2023-09-15,172.67,139.31,105.75,148.26,428.65
2023-09-18,175.6,139.6,106.6,149.19,428.9
2023-09-19,176.68,139.42,106.32,148.95,428.01
2023-09-20,173.15,138.83,105.48,149.6,424.08
2023-09-21,171.61,137.74,103.99,148.45,417.07
2023-09-22,172.46,136.42,104.15,147.38,416.13
2023-09-25,173.73,137.1,105.32,147.16,417.88
2023-09-26,169.67,135.67,105.48,146.02,411.74
2023-09-27,168.16,136.47,108.92,144.27,411.9
2023-09-28,168.41,138.16,108.26,144.06,414.29
2023-09-29,168.93,135.76,106.55,143.02,413.29
2023-10-02,171.43,134.59,104.78,142.47,413.12
2023-10-03,170.1,133.6,104.96,142.65,407.59
2023-10-04,171.34,134.19,101.04,142.81,410.56
2023-10-05,172.58,134.76,98.76,144.3,410.41
2023-10-06,175.12,136.84,97.11,144.76,415.28
2023-10-09,176.6,136.52,100.51,145.58,417.94
2023-10-10,176.01,137.35,100.08,145.42,420.11
2023-10-11,177.4,137.83,96.5,143.42,421.83
2023-10-12,178.3,137.5,96.48,143.55,419.26
2023-10-13,176.46,139.57,99.56,144.03,417.17
2023-10-16,176.34,139.43,99.63,144.66,421.56
2023-10-17,174.79,139.13,100.94,143.33,421.54
2023-10-18,173.49,137.6,102.35,140.25,415.93
2023-10-19,173.12,137.01,102.41,139.87,412.27
2023-10-20,170.57,134.81,100.66,140.5,407.21
2023-10-23,170.69,132.97,99.18,139.02,406.5
2023-10-24,171.13,133.13,98.22,138.87,409.56
2023-10-25,168.82,132.4,98.4,139.18,403.69
2023-10-26,164.66,132.74,97.5,136.82,398.85
2023-10-27,165.98,127.96,95.64,133.7,397.04
2023-10-30,168.02,129.59,95.94,135.01,401.79
2023-10-31,168.49,131.14,95.92,136.22,404.31
2023-11-01,171.65,131.03,95.73,136.54,408.63
2023-11-02,175.2,133.36,98.87,137.96,416.46
2023-11-03,174.29,134.85,97.66,138.97,420.26
2023-11-06,176.84,135.87,95.93,139.3,421.22
2023-11-07,179.39,135.81,94.43,138.57,422.42
2023-11-08,180.45,136.48,93.27,138.06,422.73
2023-11-09,179.98,136.07,93.3,135.37,419.44
2023-11-10,184.15,138.09,94.01,135.22,425.98
2023-11-13,182.57,137.48,95.0,135.57,425.57
2023-11-14,185.18,139.98,95.37,135.59,433.83
2023-11-15,185.75,141.21,94.79,136.64,434.75
2023-11-16,187.42,142.82,93.69,137.83,435.28
2023-11-17,187.41,144.12,95.98,137.55,435.82
2023-11-20,189.14,144.56,95.56,138.76,439.18
2023-11-21,188.34,144.26,95.52,139.88,438.22
2023-11-22,189.01,144.6,95.11,139.6,439.91
2023-11-24,187.68,144.79,95.62,141.16,440.18
2023-11-27,187.5,144.46,95.06,140.03,439.39
2023-11-28,188.11,144.79,95.01,140.35,439.82
2023-11-29,187.09,145.53,93.58,140.8,439.52
2023-11-30,187.66,147.19,93.95,143.16,441.25
2023-12-01,188.94,147.91,94.18,146.6,443.86
2023-12-04,187.15,148.99,93.67,147.06,441.53
2023-12-05,191.09,148.97,91.85,146.76,441.44
2023-12-06,190.0,147.41,90.63,144.97,439.66
2023-12-07,191.93,147.86,90.0,143.84,443.02
2023-12-08,193.35,149.49,91.03,142.94,444.92
2023-12-11,190.85,150.04,91.1,143.53,446.65
2023-12-12,192.36,151.38,89.66,143.54,448.69
2023-12-13,195.58,151.89,90.46,144.2,454.88
2023-12-14,195.72,154.65,92.89,145.2,456.34
2023-12-15,195.19,155.82,92.27,143.62,455.59
2023-12-18,193.53,156.76,92.95,143.88,458.15
2023-12-19,194.57,158.86,94.18,144.82,460.94
2023-12-20,192.48,157.06,92.6,141.87,454.55
2023-12-21,192.34,157.96,93.03,143.33,458.86
2023-12-22,191.27,157.86,93.19,143.9,459.78
2023-12-26,190.72,158.8,93.4,144.53,461.72
2023-12-27,190.82,159.75,92.96,144.72,462.56
2023-12-28,191.25,160.6,91.62,144.94,462.73
2023-12-29,190.21,160.41,91.43,145.08,461.39
2024-01-02,183.4,162.28,93.6,148.07,458.81
2024-01-03,182.03,161.57,94.39,149.0,455.06
2024-01-04,179.72,162.64,93.57,148.68,453.6
2024-01-05,179.0,163.46,93.85,149.15,454.22
2024-01-08,183.32,163.22,92.28,149.52,460.7
2024-01-09,182.91,161.93,91.14,149.61,460.0
2024-01-10,183.95,162.27,90.25,149.83,462.6
2024-01-11,183.35,161.59,90.23,149.17,462.4
2024-01-12,183.68,160.4,91.4,150.31,462.72
2024-01-16,181.42,159.4,89.33,148.58,461.02
2024-01-17,180.48,158.54,88.68,148.5,458.46
2024-01-18,186.36,158.86,88.52,149.22,462.54
2024-01-19,189.25,161.6,88.65,149.66,468.3
2024-01-22,191.55,161.41,88.54,150.39,469.29
2024-01-23,192.83,160.35,89.53,147.93,470.66
2024-01-24,192.16,161.78,91.08,147.14,471.18
2024-01-25,191.83,164.09,93.39,147.69,473.74
2024-01-26,190.1,163.47,94.19,147.64,473.14
2024-01-29,189.42,163.9,94.31,147.51,476.88
2024-01-30,185.78,167.25,95.88,146.96,476.52
2024-01-31,182.18,165.44,94.01,147.08,468.74
2024-02-01,184.61,164.84,93.63,146.58,474.87
2024-02-02,183.61,165.79,93.24,144.96,479.87
2024-02-05,185.42,165.58,92.86,144.21,478.13
2024-02-06,187.02,166.14,93.5,146.31,479.51
2024-02-07,187.13,166.46,93.47,146.23,483.51
2024-02-08,186.05,165.86,95.07,144.77,483.73
2024-02-09,186.81,166.06,93.06,145.1,486.52
2024-02-12,185.13,166.8,94.34,146.11,486.31
2024-02-13,183.04,165.35,93.53,144.83,479.61
2024-02-14,182.16,167.03,93.07,144.16,483.97
2024-02-15,181.88,170.67,95.74,146.18,487.31
2024-02-16,180.34,169.87,95.74,146.01,484.88
2024-02-20,179.6,170.54,94.83,147.23,482.21
2024-02-21,180.35,171.65,96.77,147.99,482.65
2024-02-22,182.38,173.71,96.69,149.65,492.64
2024-02-23,180.55,174.58,95.84,150.94,492.98
2024-02-26,179.21,173.98,96.22,149.96,491.17
2024-02-27,180.66,174.07,96.01,150.14,492.09
2024-02-28,179.46,174.95,96.28,150.67,491.44
2024-02-29,178.8,176.54,96.47,150.51,493.2
2024-03-01,177.72,175.81,97.68,151.2,497.83
2024-03-04,173.21,177.13,96.32,149.08,497.3
2024-03-05,168.29,178.91,97.5,149.2,492.33
2024-03-06,167.3,179.84,98.54,148.61,494.82
2024-03-07,167.18,178.26,99.1,148.17,499.73
2024-03-08,168.89,178.59,100.03,148.78,496.74
2024-03-11,170.89,178.66,100.62,150.37,496.31
2024-03-12,171.36,180.13,99.97,151.78,501.65
2024-03-13,169.28,181.59,101.09,150.25,500.86
2024-03-14,171.13,178.36,102.88,148.49,499.87
2024-03-15,170.76,180.57,102.69,147.53,496.44
2024-03-18,171.85,182.81,103.65,146.2,499.39
2024-03-19,174.18,183.88,104.37,145.69,502.16
2024-03-20,176.74,186.29,104.28,145.27,506.81
2024-03-21,169.52,188.88,104.74,145.26,508.48
2024-03-22,170.42,186.56,104.74,144.78,507.52
2024-03-25,169.01,184.86,105.81,144.77,506.12
2024-03-26,167.88,185.72,105.02,145.28,505.18
2024-03-27,171.44,189.32,106.11,147.32,509.43
2024-03-28,169.63,190.06,107.28,147.54,509.33
2024-04-01,168.2,188.77,107.97,147.16,508.44
2024-04-02,167.02,188.69,110.09,147.11,505.21
2024-04-03,167.82,188.16,110.11,143.87,505.77
2024-04-04,167.0,186.73,110.49,142.23,499.59
2024-04-05,167.75,188.44,112.02,142.13,504.81
2024-04-08,166.63,189.43,111.26,141.38,505.09
2024-04-09,167.84,188.16,111.84,142.04,505.68
2024-04-10,165.97,186.55,112.78,140.09,500.62
2024-04-11,173.15,186.52,112.4,138.77,504.39
2024-04-12,174.65,174.45,111.09,137.59,497.43
2024-04-15,170.83,174.55,110.46,137.65,491.2
2024-04-16,167.55,172.55,109.54,134.72,490.3
2024-04-17,166.19,171.87,109.49,135.02,487.4
2024-04-18,165.24,172.98,109.39,135.93,486.4
2024-04-19,163.22,177.33,110.64,137.95,482.15
2024-04-22,164.05,180.77,111.27,139.08,486.59
2024-04-23,165.1,183.38,111.7,139.49,492.37
2024-04-24,167.2,184.27,111.72,138.53,492.13
2024-04-25,168.06,184.55,111.98,136.93,490.26
2024-04-26,167.47,184.66,108.87,136.3,494.91
2024-04-29,171.63,184.46,110.42,136.93,496.66
2024-04-30,168.49,182.99,109.16,134.85,488.79
2024-05-01,167.47,183.11,107.09,141.0,487.21
2024-05-02,171.16,182.92,107.28,139.82,491.76
2024-05-03,181.4,181.82,107.06,139.22,497.86
2024-05-06,179.75,183.24,107.75,138.57,503.0
2024-05-07,180.43,183.0,107.22,138.71,503.56
2024-05-08,180.77,186.73,107.2,138.92,503.6
2024-05-09,182.58,188.49,109.31,139.76,506.51
2024-05-10,181.32,189.7,108.87,139.82,507.16
2024-05-13,184.52,189.67,108.82,141.04,507.23
2024-05-14,185.66,192.32,109.48,141.19,509.55
2024-05-15,187.93,192.89,110.33,142.39,515.86
2024-05-16,188.05,193.24,109.67,143.89,514.8
2024-05-17,188.08,195.45,111.32,144.23,515.54
2024-05-20,189.24,186.66,110.41,142.22,516.14
2024-05-21,190.53,190.42,109.65,142.2,517.4
2024-05-22,189.1,189.27,107.45,144.32,515.91
2024-05-23,185.12,187.94,105.61,140.75,512.14
2024-05-24,188.19,191.56,105.53,138.18,515.53
2024-05-28,188.2,190.4,106.87,135.75,515.89
2024-05-29,188.49,189.07,105.72,135.8,512.28
2024-05-30,189.48,190.24,106.06,136.59,508.88
2024-05-31,190.43,193.39,109.1,137.9,513.52
2024-06-03,192.2,192.61,106.49,138.91,513.94
2024-06-04,192.51,190.08,104.83,138.96,514.51
2024-06-05,194.02,188.26,105.25,137.24,520.63
2024-06-06,192.64,187.93,106.04,137.66,520.62
2024-06-07,195.03,190.83,104.91,138.28,519.98
2024-06-10,191.3,190.51,105.21,138.33,521.59
2024-06-11,205.19,185.5,104.37,137.98,522.85
2024-06-12,211.06,182.79,103.21,136.71,527.14
2024-06-13,212.22,184.83,102.38,136.75,528.2
2024-06-14,210.48,184.94,101.52,136.84,528.52
2024-06-17,214.62,186.09,100.82,137.22,532.73
2024-06-18,212.27,188.01,101.77,136.94,534.08
2024-06-20,207.7,189.61,103.97,138.94,532.63
2024-06-21,205.53,187.35,103.05,139.85,531.92
2024-06-24,206.17,189.81,106.12,140.2,530.19
2024-06-25,207.1,189.04,106.41,138.39,532.23
2024-06-26,211.24,188.43,106.45,138.04,532.89
2024-06-27,212.08,190.09,106.91,137.08,533.73
2024-06-28,208.63,193.03,107.11,137.42,531.63
2024-07-01,214.7,196.08,106.96,137.68,532.73
2024-07-02,218.19,199.31,106.24,137.3,536.31
2024-07-03,219.46,199.17,106.78,136.98,538.71
2024-07-05,224.2,196.53,105.48,137.72,541.81
2024-07-08,225.67,196.9,104.38,136.78,542.44
2024-07-09,226.52,199.26,103.22,138.26,542.97
2024-07-10,230.78,199.42,104.13,140.49,548.34
2024-07-11,225.42,199.09,105.37,140.75,543.61
2024-07-12,228.36,196.68,105.39,140.92,547.04
2024-07-15,232.19,201.58,107.19,140.32,548.54
2024-07-16,232.6,205.01,107.97,141.98,551.8
2024-07-17,226.72,208.13,109.46,147.22,544.06
2024-07-18,222.06,201.51,110.54,146.13,539.88
2024-07-19,222.19,201.32,108.0,145.44,536.29
2024-07-22,221.85,201.8,107.25,145.02,541.82
2024-07-23,222.89,201.85,105.52,143.24,540.97
2024-07-24,216.48,200.18,107.01,146.93,528.71
2024-07-25,215.44,200.26,109.26,150.09,525.96
2024-07-26,215.9,203.68,109.17,151.03,531.85
2024-07-29,216.18,202.35,108.02,149.08,532.16
2024-07-30,216.73,206.51,109.95,151.68,529.47
2024-07-31,219.98,204.22,110.34,148.41,538.07
2024-08-01,216.3,199.57,108.81,151.15,530.45
2024-08-02,217.78,191.11,108.75,154.32,520.58
2024-08-05,207.29,187.04,106.79,151.61,505.42
2024-08-06,205.27,192.26,106.22,149.46,510.07
2024-08-07,207.84,192.32,107.63,149.4,506.67
2024-08-08,211.3,195.83,109.69,150.64,518.38
2024-08-09,214.2,197.5,110.58,151.02,520.66
2024-08-12,215.73,197.88,110.72,150.32,520.94
2024-08-13,219.43,199.56,109.66,148.92,529.5
2024-08-14,219.88,201.76,110.67,149.0,531.18
2024-08-15,222.86,203.02,111.36,149.58,540.28
2024-08-16,224.17,205.34,110.83,149.86,541.49
2024-08-19,224.02,206.76,111.17,150.08,546.67
2024-08-20,224.63,205.87,107.47,150.58,545.78
2024-08-21,224.52,205.95,106.78,151.78,547.66
2024-08-22,222.67,207.9,107.61,152.64,543.36
2024-08-23,224.96,209.51,109.1,154.32,549.13
2024-08-26,225.3,210.33,111.43,154.77,547.82
2024-08-27,226.14,211.3,110.37,154.37,548.57
2024-08-28,224.61,212.37,109.29,155.29,545.39
2024-08-29,227.88,213.25,110.8,155.58,545.44
2024-08-30,227.1,215.74,110.62,157.13,550.64
2024-09-03,220.92,211.42,108.3,158.36,539.31
2024-09-04,219.02,210.49,106.98,158.55,538.21
2024-09-05,220.54,208.85,106.14,156.3,536.9
2024-09-06,218.99,203.89,105.65,155.72,527.86
2024-09-09,219.08,208.07,107.87,157.84,533.77
2024-09-10,218.28,197.27,103.94,158.57,536.1
2024-09-11,220.81,198.87,102.91,156.14,541.6
2024-09-12,220.92,198.27,104.32,155.97,546.16
2024-09-13,220.65,196.08,104.25,156.8,549.01
2024-09-16,214.53,199.48,105.71,158.2,549.82
2024-09-17,214.99,200.81,107.09,158.27,550.05
2024-09-18,218.86,199.16,107.47,157.4,548.42
2024-09-19,226.97,201.99,108.8,156.14,557.78
2024-09-20,226.31,202.58,108.11,155.51,556.81
2024-09-23,224.59,202.91,110.07,154.62,558.2
2024-09-24,225.48,203.06,109.78,154.21,559.8
2024-09-25,224.49,201.71,107.65,152.14,558.57
2024-09-26,225.63,201.32,105.8,152.89,560.78
2024-09-27,225.9,202.01,108.63,152.9,559.97
2024-09-30,231.07,202.36,109.94,153.53,562.21
2024-10-01,224.33,198.69,112.48,153.46,557.17
2024-10-02,224.9,198.93,113.98,152.68,557.41
2024-10-03,223.8,196.95,114.97,152.05,556.39
2024-10-04,224.92,203.95,117.08,151.85,561.45
2024-10-07,219.85,203.67,117.59,151.13,556.37
2024-10-08,223.9,203.49,114.46,151.28,561.63
2024-10-09,227.64,206.07,114.51,152.19,565.52
2024-10-10,227.14,205.51,115.5,152.06,564.53
2024-10-11,225.66,214.63,115.94,152.96,567.91
2024-10-14,229.38,213.85,116.38,153.09,572.56
2024-10-15,231.91,214.73,112.88,155.46,568.11
2024-10-16,229.86,215.94,113.17,155.63,570.58
2024-10-17,230.22,216.69,112.88,155.81,570.63
2024-10-18,233.05,217.61,112.56,156.42,572.82
2024-10-21,234.52,215.32,112.63,154.25,571.88
2024-10-22,233.9,216.4,113.21,154.84,571.58
2024-10-23,228.85,215.72,112.8,157.13,566.36
2024-10-24,228.66,217.23,112.17,155.05,567.58
2024-10-25,229.49,214.65,112.07,152.41,567.38
2024-10-28,231.46,217.73,111.52,153.09,569.14
2024-10-29,231.73,215.22,110.0,151.66,570.06
2024-10-30,228.19,216.68,109.45,152.15,568.33
2024-10-31,224.04,214.28,109.53,151.44,557.19
2024-11-01,221.06,215.26,107.81,151.7,559.55
2024-11-04,220.17,212.21,111.25,149.91,558.34
2024-11-05,221.6,213.86,111.58,150.01,565.09
2024-11-06,220.87,238.55,113.49,149.57,579.14
2024-11-07,225.59,228.24,113.63,148.48,583.62
2024-11-08,225.32,228.82,113.59,147.28,586.15
2024-11-11,222.61,231.05,112.99,146.88,586.71
2024-11-12,222.61,231.31,112.88,144.6,584.88
2024-11-13,223.5,232.85,113.93,145.17,585.17
2024-11-14,226.58,233.54,114.0,143.87,581.41
2024-11-15,223.38,236.86,112.82,145.89,573.96
2024-11-18,226.38,236.59,113.77,146.62,576.31
2024-11-19,226.64,234.72,112.18,144.94,578.42
2024-11-20,227.35,232.49,113.78,145.05,578.61
2024-11-21,226.87,236.33,115.3,147.31,581.72
2024-11-22,228.21,239.99,115.17,147.0,583.52
2024-11-25,231.19,241.67,113.45,147.58,585.5
2024-11-26,233.37,241.36,111.56,147.56,588.56
2024-11-27,233.24,241.19,111.26,148.4,586.78
2024-11-29,235.62,241.12,111.55,148.03,590.42
2024-12-02,237.86,237.77,111.44,147.82,591.48
2024-12-03,240.9,236.39,111.27,145.49,591.75
2024-12-04,241.26,235.02,108.07,143.69,595.43
2024-12-05,241.29,237.03,108.54,142.78,594.45
2024-12-06,241.09,238.84,107.39,142.58,595.58
2024-12-09,244.97,235.41,106.76,142.86,592.51
2024-12-10,245.98,234.5,106.54,142.51,590.67
2024-12-11,244.71,235.14,105.83,140.03,595.23
2024-12-12,246.17,233.21,105.74,139.65,592.17
2024-12-13,246.34,231.68,104.81,140.01,592.05
2024-12-16,249.23,231.33,102.57,137.37,594.58
2024-12-17,251.65,230.15,102.14,139.81,592.13
2024-12-18,246.26,222.44,100.63,138.23,574.48
2024-12-19,247.99,224.94,99.77,137.11,574.3
2024-12-20,252.66,229.42,100.11,137.96,581.2
2024-12-23,253.43,230.18,100.52,138.72,584.68
2024-12-24,256.34,233.96,100.61,139.28,591.18
2024-12-26,257.15,234.77,100.7,139.02,591.22
2024-12-27,253.75,232.86,100.69,138.51,584.99
2024-12-30,250.38,231.08,100.01,136.88,578.32
2024-12-31,248.62,231.45,101.72,138.1,576.22
2025-01-02,242.09,231.73,101.48,137.53,574.8
2025-01-03,241.61,234.9,102.0,137.69,581.99
2025-01-06,243.23,233.76,101.88,137.19,585.34
2025-01-07,240.46,236.01,102.84,139.64,578.72
2025-01-08,240.95,235.97,101.12,135.86,579.57
2025-01-10,235.14,232.8,100.75,135.66,570.72
2025-01-13,232.71,237.02,103.35,137.96,571.6
2025-01-14,231.6,240.18,103.75,138.23,572.39
2025-01-15,236.16,244.92,105.45,138.44,582.8
2025-01-16,226.62,246.78,105.27,141.11,581.68
2025-01-17,228.32,251.53,106.21,140.4,587.52
2025-01-21,221.04,255.28,105.41,141.47,592.9
2025-01-22,222.22,255.1,103.57,138.72,596.23
2025-01-23,222.05,258.12,104.16,140.03,599.49
2025-01-24,221.17,257.04,102.75,140.2,597.74
2025-01-27,228.2,258.02,104.18,146.0,589.28
2025-01-28,236.54,259.27,102.17,143.6,594.34
2025-01-29,237.64,258.73,102.76,144.34,591.68
2025-01-30,235.88,260.33,103.61,145.98,594.86
2025-01-31,234.3,259.43,101.02,145.29,591.69
2025-02-03,226.37,258.95,101.27,145.03,587.71
2025-02-04,231.12,260.05,103.98,146.57,591.65
2025-02-05,230.8,262.46,103.91,147.72,594.05
2025-02-06,231.54,268.74,102.53,146.59,596.11
2025-02-07,225.99,267.68,102.97,146.22,590.66
2025-02-10,226.26,263.06,104.94,147.29,594.67
2025-02-11,231.2,266.89,105.6,149.09,595.12
2025-02-12,235.42,267.34,102.42,148.26,593.2
2025-02-13,240.05,268.18,103.17,150.16,599.47
2025-02-14,243.1,268.44,103.27,149.11,599.44
2025-02-18,242.98,271.7,105.08,149.19,601.2
2025-02-19,243.37,271.02,105.24,151.98,602.61
2025-02-20,244.33,258.94,106.86,153.71,600.11
2025-02-21,244.05,256.46,105.61,156.23,589.84
2025-02-24,245.59,253.64,106.16,157.61,587.16
2025-02-25,245.53,249.82,104.69,159.88,584.24
2025-02-26,238.89,251.17,104.43,156.98,584.53
2025-02-27,235.85,251.42,105.09,157.6,575.2
2025-02-28,240.36,256.85,106.22,158.85,584.18
2025-03-03,236.57,252.94,102.81,161.02,573.94
2025-03-04,234.49,242.88,102.6,159.23,567.15
2025-03-05,234.3,244.12,100.6,158.94,573.25
2025-03-06,233.89,239.28,102.68,159.63,563.07
2025-03-07,237.61,235.14,104.01,160.45,566.23
2025-03-10,226.09,225.38,106.67,161.43,551.14
2025-03-11,219.49,222.39,104.15,159.65,546.56
2025-03-12,215.65,221.19,104.12,156.76,549.46
2025-03-13,208.4,218.56,103.68,156.89,542.14
2025-03-14,212.18,225.59,106.76,156.72,553.34
2025-03-17,212.69,227.04,108.54,156.75,557.6
2025-03-18,211.39,228.05,108.42,158.1,551.58
2025-03-19,213.92,232.07,110.11,156.89,557.58
2025-03-20,212.79,231.97,110.58,156.92,555.97
2025-03-21,216.94,234.51,110.2,157.51,556.16
2025-03-24,219.38,240.75,110.48,157.18,566.12
2025-03-25,222.38,243.73,111.24,155.0,567.48
2025-03-26,220.18,243.64,112.84,155.67,560.7
2025-03-27,222.48,240.81,112.48,157.03,559.21
2025-03-28,216.57,235.7,112.32,157.58,547.95
2025-03-31,220.77,238.07,113.47,159.63,551.63
2025-04-01,221.83,236.48,113.57,147.52,553.19
2025-04-02,222.52,238.58,113.22,149.55,556.69
2025-04-03,201.95,221.95,107.27,153.84,529.25
2025-04-04,187.23,205.34,99.55,147.51,498.27
2025-04-07,180.35,209.41,98.21,144.98,497.38
2025-04-08,171.37,211.78,96.14,144.39,489.59
2025-04-09,197.63,228.84,100.94,145.32,541.01
2025-04-10,189.26,221.78,95.34,143.13,517.3
2025-04-11,196.94,230.65,98.4,146.05,526.53
2025-04-14,201.28,229.21,98.64,148.58,531.64
2025-04-15,200.9,227.66,98.37,147.87,530.15
2025-04-16,193.08,224.22,99.41,148.15,518.37
2025-04-17,195.78,226.51,102.01,151.58,519.11
2025-04-21,191.98,223.61,100.51,151.05,506.75
2025-04-22,198.52,230.06,103.33,151.85,519.93
2025-04-23,203.35,235.23,102.44,149.57,527.99
2025-04-24,207.1,238.9,103.64,149.13,539.11
2025-04-25,208.0,237.83,103.59,148.8,543.0
2025-04-28,208.86,237.51,103.64,149.54,543.21
2025-04-29,209.92,238.88,103.38,150.08,546.63
2025-04-30,211.2,238.88,100.78,150.46,546.85
2025-05-01,212.02,241.09,100.92,148.68,550.72
2025-05-02,204.09,246.58,101.33,150.28,558.9
2025-05-05,197.67,246.63,98.53,149.2,555.69
2025-05-06,197.3,243.4,99.9,148.69,551.05
2025-05-07,195.05,243.54,99.81,151.41,553.36
2025-05-08,196.28,247.52,101.2,149.84,557.22
2025-05-09,197.32,247.14,102.38,148.45,556.51
2025-05-12,209.78,253.95,104.15,148.37,574.9
2025-05-13,211.91,256.84,104.43,142.89,578.7
2025-05-14,211.31,259.4,103.5,140.88,579.44
2025-05-15,210.43,261.21,104.55,144.01,582.27
2025-05-16,210.24,261.28,104.17,145.67,585.96
2025-05-19,207.78,258.66,102.52,146.78,586.6
2025-05-20,205.87,259.44,101.05,147.91,584.62
2025-05-21,201.12,254.91,99.81,147.45,574.77
2025-05-22,200.39,254.55,99.15,146.9,575.0
2025-05-23,194.33,254.59,99.2,147.22,571.08
2025-05-27,199.25,259.06,99.68,148.78,582.95
2025-05-28,199.46,257.3,98.32,147.98,579.58
2025-05-29,198.99,258.16,98.88,149.1,581.86
2025-05-30,199.88,257.8,98.5,150.68,581.21
2025-06-02,200.73,258.45,99.22,150.87,584.49
2025-06-03,202.29,260.02,99.95,149.92,587.82
2025-06-04,201.84,258.02,98.5,148.75,587.66
2025-06-05,199.67,255.8,98.05,149.18,584.82
2025-06-06,202.94,259.49,100.4,150.51,590.83
2025-06-09,200.48,260.48,101.07,150.7,591.36
2025-06-10,201.7,262.29,103.24,151.89,594.71
2025-06-11,197.82,261.85,105.25,150.73,593.02
2025-06-12,198.24,261.94,105.66,152.09,595.37
2025-06-13,195.51,258.73,107.96,152.52,588.72
2025-06-16,197.47,264.01,108.3,150.69,594.32
2025-06-17,194.7,263.19,109.77,147.94,589.24
2025-06-18,195.63,267.53,108.99,146.33,589.15
2025-06-20,200.03,268.54,110.44,145.42,587.77
2025-06-23,200.53,271.74,107.59,146.91,593.57
2025-06-24,199.34,274.66,104.32,147.75,600.13
2025-06-25,200.59,277.39,104.35,147.84,600.47
2025-06-26,200.03,281.97,105.91,147.58,605.16
2025-06-27,200.11,280.37,105.32,147.96,608.17
2025-06-30,204.18,283.1,103.8,148.3,611.08
2025-07-01,206.82,283.59,105.18,151.37,610.88
2025-07-02,211.42,285.14,106.93,151.02,613.65
2025-07-03,212.52,290.44,108.03,151.46,618.49
2025-07-07,208.94,286.49,106.98,150.74,613.88
2025-07-08,209.0,277.47,109.95,151.25,613.54
2025-07-09,210.12,277.84,109.58,151.72,617.22
2025-07-10,211.39,282.78,110.66,153.09,618.96
2025-07-11,210.14,281.48,111.14,152.32,616.79
2025-07-14,207.62,283.28,109.69,152.25,617.96
2025-07-15,208.1,281.17,108.72,150.64,615.32
2025-07-16,209.15,280.45,108.06,159.97,617.38
2025-07-17,209.01,284.46,107.51,158.23,621.16
2025-07-18,210.16,285.8,103.77,158.93,620.7
2025-07-21,211.46,285.51,104.04,159.57,621.88
2025-07-22,213.37,285.96,104.51,163.03,621.97
2025-07-23,213.12,291.19,105.85,164.17,627.26
2025-07-24,212.73,290.98,106.68,164.61,627.47
2025-07-25,212.85,293.01,106.3,163.39,630.12
2025-07-28,213.02,292.68,107.3,161.37,629.96
2025-07-29,210.25,291.46,108.69,163.21,628.3
2025-07-30,208.04,294.01,107.75,162.38,627.51
2025-07-31,206.57,290.68,107.5,159.94,625.15
2025-08-01,201.41,283.94,105.57,162.45,614.91
2025-08-04,202.37,288.74,103.38,166.05,624.25
2025-08-05,201.94,285.9,103.26,165.76,621.09
2025-08-06,212.22,285.88,102.56,165.61,625.85
2025-08-07,218.97,281.55,102.02,166.53,625.32
2025-08-08,228.25,283.34,102.83,168.27,630.2
2025-08-11,226.34,284.12,101.9,168.75,628.95
2025-08-12,228.8,287.35,102.19,167.74,635.65
2025-08-13,232.47,285.08,103.61,169.33,637.82
2025-08-14,231.92,288.64,103.39,169.62,637.88
2025-08-15,230.74,285.04,103.49,171.49,636.39
2025-08-18,230.04,286.06,103.71,171.11,636.25
2025-08-19,229.71,285.2,104.39,172.61,632.8
2025-08-20,225.18,286.75,105.47,173.62,631.12
2025-08-21,224.07,286.0,106.15,173.71,628.59
2025-08-22,226.92,290.68,108.15,174.06,638.24
2025-08-25,226.32,289.36,108.59,173.21,635.43
2025-08-26,228.47,292.97,108.35,172.6,638.09
2025-08-27,229.64,293.66,109.57,172.89,639.54
2025-08-28,231.7,295.42,110.16,171.58,641.81
2025-08-29,231.29,295.76,111.07,173.27,637.98
2025-09-02,228.87,294.07,111.46,174.14,633.25
2025-09-03,237.59,293.89,108.76,174.08,636.69
2025-09-04,238.9,298.12,109.23,174.82,642.01
2025-09-05,238.81,288.85,106.15,174.5,640.15
2025-09-08,237.0,287.41,106.76,174.2,641.72
2025-09-09,233.49,292.26,107.53,173.06,643.2
2025-09-10,225.96,294.9,109.33,171.92,645.06
2025-09-11,229.18,299.82,108.98,174.57,650.42
2025-09-12,233.21,301.15,109.0,174.14,650.21
2025-09-15,235.83,303.1,109.19,173.49,653.67
2025-09-16,237.27,303.39,111.45,172.57,652.77
2025-09-17,238.11,305.9,112.04,173.29,651.96
2025-09-18,237.0,307.35,110.72,170.32,655.0
2025-09-19,244.6,308.87,109.64,172.31,658.25
2025-09-22,255.14,306.58,108.86,170.37,661.36
2025-09-23,253.49,306.87,110.74,172.69,657.76
2025-09-24,251.38,307.54,111.33,172.8,655.67
2025-09-25,255.92,307.57,112.33,173.81,652.64
2025-09-26,254.52,310.13,113.92,175.75,656.38
2025-09-29,253.49,309.76,111.0,177.62,658.23
2025-09-30,253.69,309.51,109.57,181.33,660.71
2025-10-01,254.51,304.88,108.84,181.95,662.96
2025-10-02,256.18,301.78,108.16,181.88,663.72
2025-10-03,257.07,304.21,110.07,184.48,663.71
2025-10-06,255.75,304.85,110.98,184.01,666.09
2025-10-07,255.54,303.38,111.04,184.73,663.62
2025-10-08,257.11,299.77,110.81,185.51,667.58
2025-10-09,253.11,301.25,109.73,186.87,665.65
2025-10-10,244.37,296.68,107.61,186.52,647.65
2025-10-13,246.75,303.66,109.08,186.69,657.59
2025-10-14,246.86,297.85,109.13,186.64,656.79
2025-10-15,248.42,301.41,108.47,186.96,659.7
2025-10-16,246.54,294.36,107.52,187.89,655.21
2025-10-17,251.36,293.39,109.08,188.96,658.93
2025-10-20,261.27,298.13,109.53,189.45,665.78
2025-10-21,261.8,292.93,109.54,187.65,665.77
2025-10-22,257.5,289.99,111.48,188.69,662.31
2025-10-23,258.62,290.42,112.71,188.23,666.24
2025-10-24,261.85,296.23,112.14,186.2,671.69
2025-10-27,267.82,299.89,112.67,186.11,679.61
2025-10-28,268.01,301.08,111.79,182.81,681.41
2025-10-29,268.71,301.23,113.17,182.49,681.74
2025-10-30,270.4,305.11,111.46,184.88,674.24
2025-10-31,269.37,306.76,111.14,184.71,676.46
2025-11-03,268.06,305.02,110.56,182.15,677.73
2025-11-04,269.05,304.92,110.93,182.74,669.69
2025-11-05,269.15,307.32,110.48,181.9,672.01
2025-11-06,268.78,309.03,111.27,182.85,664.8
2025-11-07,267.48,309.81,113.92,182.46,665.46
2025-11-10,268.7,312.45,114.89,184.26,675.84
2025-11-11,274.5,311.2,116.41,189.56,677.39
2025-11-12,272.73,315.92,114.79,190.11,677.76
2025-11-13,272.21,305.15,115.44,190.95,666.52
2025-11-14,271.67,299.36,116.94,191.61,666.41
2025-11-17,266.73,296.16,115.37,195.18,660.2
2025-11-18,266.71,295.22,116.69,195.59,654.66
2025-11-19,267.83,299.02,115.04,198.05,657.19
2025-11-20,265.53,294.2,114.72,198.59,647.17
2025-11-21,270.75,293.85,114.78,199.41,653.61
2025-11-24,275.17,293.83,113.69,201.51,663.24
2025-11-25,276.22,298.76,112.26,203.4,669.47
2025-11-26,276.8,303.33,112.51,204.27,674.1
2025-11-28,278.09,308.7,113.64,203.64,677.77
2025-12-01,282.33,304.59,114.34,202.09,674.68
2025-12-02,285.41,303.57,113.11,202.17,675.93
2025-12-03,283.38,307.76,115.48,202.08,678.27
2025-12-04,279.94,311.67,114.84,199.27,678.77
2025-12-05,278.02,310.63,114.25,198.73,680.06
2025-12-08,277.14,310.8,113.7,198.43,678.01
2025-12-09,276.43,296.3,115.92,196.79,677.43
2025-12-10,278.02,305.77,117.19,203.27,681.92
2025-12-11,277.28,312.94,117.19,206.69,683.51
2025-12-12,277.52,314.06,116.48,208.23,676.16
2025-12-15,273.37,315.54,115.44,210.78,675.14
2025-12-16,273.86,311.13,112.42,205.99,673.29
2025-12-17,271.1,310.57,115.1,207.0,665.88
2025-12-18,271.45,308.62,114.25,205.01,670.91
2025-12-19,272.93,312.77,114.4,203.1,676.99
2025-12-22,270.23,318.57,115.83,204.04,681.21
2025-12-23,271.62,321.37,117.07,202.52,684.32
2025-12-24,273.07,324.56,116.88,204.49,686.73
2025-12-26,272.66,323.32,116.77,204.34,686.66
2025-12-29,273.02,319.22,118.16,204.27,684.21
2025-12-30,272.34,318.89,118.61,203.63,683.38
2025-12-31,271.12,317.71,117.97,203.67,678.32
