Event,Name,Stroke,Time1,Time2,Time3
0,Emma,freestyle,00:50:313667,00:50:875398,00:50:646837
0,Emma,backstroke,00:56:720191,00:56:431243,00:56:941068
0,Emma,butterfly,00:41:927947,00:42:062812,00:42:007531
0,Emma,breaststroke,00:59:825463,00:59:397469,00:59:385919
0,Olivia,freestyle,00:45:566228,00:46:066985,00:46:044389
0,Olivia,backstroke,00:53:984872,00:54:575110,00:54:932723
0,Olivia,butterfly,01:12:548582,01:12:722369,01:13:105429
0,Olivia,breaststroke,00:49:230921,00:49:604561,00:49:120964
0,Sophia,freestyle,00:55:209625,00:54:790225,00:55:351528
0,Sophia,backstroke,00:45:236934,00:45:590178,00:45:397853
0,Sophia,butterfly,00:59:759540,00:59:920355,00:59:576989
0,Sophia,breaststroke,00:59:930751,01:00:200055,01:00:382663
0,Ava,freestyle,01:06:215970,01:06:443121,01:06:628715
0,Ava,backstroke,01:12:330658,01:13:056774,01:12:283593
0,Ava,butterfly,00:41:830549,00:42:389155,00:42:581063
0,Ava,breaststroke,00:49:520594,00:49:421166,00:49:631659
0,Isabella,freestyle,00:43:765925,00:44:222031,00:44:383384
0,Isabella,backstroke,01:07:401539,01:07:439096,01:07:800558
0,Isabella,butterfly,01:00:566173,01:00:167859,01:00:285536
0,Isabella,breaststroke,01:04:195998,01:04:139671,01:04:850802
0,Mia,freestyle,01:02:431027,01:02:331599,01:02:367739
0,Mia,backstroke,01:07:263072,01:07:183198,01:07:310495
0,Mia,butterfly,01:10:777971,01:10:476777,01:10:532418
0,Mia,breaststroke,00:56:501751,00:56:265916,00:56:618886
0,Abigail,freestyle,01:06:689970,01:06:740301,01:06:050534
0,Abigail,backstroke,01:01:988810,01:02:422029,01:02:062273
0,Abigail,butterfly,00:54:601381,00:54:531919,00:54:322800
0,Abigail,breaststroke,00:48:124280,00:47:908176,00:48:130944
0,Emily,freestyle,00:58:643109,00:59:058691,00:58:547913
0,Emily,backstroke,00:40:878186,00:40:917276,00:41:136988
0,Emily,butterfly,01:02:791104,01:03:031419,01:02:786640
0,Emily,breaststroke,01:09:468694,01:08:915608,01:09:029606
0,Charlotte,freestyle,00:59:981614,01:00:328054,01:00:029067
0,Charlotte,backstroke,00:55:805306,00:55:274372,00:55:152726
0,Charlotte,butterfly,00:48:230217,00:48:597282,00:48:217275
0,Charlotte,breaststroke,00:57:870012,00:57:945859,00:58:786793
0,Harper,freestyle,00:49:129333,00:48:770098,00:49:482825
0,Harper,backstroke,00:54:942205,00:54:532404,00:54:039925
0,Harper,butterfly,01:07:482786,01:06:839586,01:07:319933
0,Harper,breaststroke,00:54:772223,00:54:835462,00:54:888618
0,Madison,freestyle,00:43:408283,00:43:430692,00:43:627812
0,Madison,backstroke,00:57:735904,00:57:718760,00:58:480951
0,Madison,butterfly,00:47:932476,00:47:977998,00:48:195331
0,Madison,breaststroke,00:57:561194,00:56:983667,00:57:675573
0,Amelia,freestyle,00:52:483964,00:52:747365,00:52:381518
0,Amelia,backstroke,00:59:964109,01:00:046286,01:00:501981
0,Amelia,butterfly,01:00:758419,00:59:930350,01:00:125559
0,Amelia,breaststroke,01:08:648671,01:09:041506,01:08:817433
0,Elizabeth,freestyle,00:51:292819,00:50:873833,00:50:919499
0,Elizabeth,backstroke,00:43:453577,00:43:512467,00:43:530221
0,Elizabeth,butterfly,00:52:822253,00:52:696300,00:52:789665
0,Elizabeth,breaststroke,00:45:230197,00:45:975576,00:45:505959
0,Sofia,freestyle,01:07:819619,01:07:461776,01:07:709620
0,Sofia,backstroke,01:03:591710,01:02:848725,01:03:317529
0,Sofia,butterfly,00:57:479912,00:58:089346,00:57:905050
0,Sofia,breaststroke,00:57:057187,00:57:609762,00:57:846102
0,Evelyn,freestyle,00:41:157310,00:41:616367,00:41:725346
0,Evelyn,backstroke,01:07:415144,01:07:455901,01:07:125279
0,Evelyn,butterfly,00:54:856012,00:54:819717,00:54:972240
0,Evelyn,breaststroke,01:12:794737,01:13:602405,01:13:418237
0,Avery,freestyle,00:54:216367,00:54:312936,00:53:936136
0,Avery,backstroke,01:03:795913,01:04:655687,01:04:543842
0,Avery,butterfly,00:48:273950,00:48:040850,00:47:596580
0,Avery,breaststroke,00:36:542282,00:36:618501,00:36:303954
0,Chloe,freestyle,01:09:313131,01:09:479841,01:09:518975
0,Chloe,backstroke,01:14:153770,01:14:015154,01:14:175250
0,Chloe,butterfly,01:09:331716,01:09:491105,01:10:261541
0,Chloe,breaststroke,00:59:299648,01:00:030516,00:59:555858
0,Ella,freestyle,01:03:611990,01:02:801656,01:03:455192
0,Ella,backstroke,00:55:687418,00:55:099216,00:55:158281
0,Ella,butterfly,00:53:251485,00:53:584144,00:53:625873
0,Ella,breaststroke,01:00:061723,00:59:559518,00:59:738944
0,Grace,freestyle,00:59:273393,00:59:055264,00:59:447538
0,Grace,backstroke,00:37:052796,00:37:226639,00:36:860638
0,Grace,butterfly,01:13:005465,01:13:367851,01:12:857138
0,Grace,breaststroke,00:46:732729,00:46:702604,00:46:471751
0,Victoria,freestyle,00:55:824113,00:55:448859,00:56:360042
0,Victoria,backstroke,00:42:522298,00:42:604750,00:42:477061
0,Victoria,butterfly,01:05:801767,01:06:047244,01:06:083017
0,Victoria,breaststroke,01:09:575104,01:10:022949,01:09:938712
0,Aubrey,freestyle,00:42:655824,00:43:462437,00:42:935327
0,Aubrey,backstroke,00:44:658096,00:44:226106,00:44:191489
0,Aubrey,butterfly,00:59:080425,00:59:500102,00:59:700865
0,Aubrey,breaststroke,01:01:146941,01:00:703737,01:00:621840
0,Scarlett,freestyle,01:06:046037,01:05:820853,01:06:648674
0,Scarlett,backstroke,00:57:041622,00:57:355295,00:57:509112
0,Scarlett,butterfly,00:55:064240,00:55:211709,00:54:645727
0,Scarlett,breaststroke,01:06:173331,01:06:426491,01:06:421791
0,Zoey,freestyle,00:49:471817,00:49:349123,00:49:069990
0,Zoey,backstroke,00:52:056650,00:51:947216,00:51:929830
0,Zoey,butterfly,00:43:334206,00:43:749971,00:43:547581
0,Zoey,breaststroke,00:53:261446,00:52:889708,00:53:138545
0,Addison,freestyle,00:37:784096,00:37:814092,00:38:159773
0,Addison,backstroke,00:40:015255,00:40:059929,00:40:175733
0,Addison,butterfly,01:00:087696,00:59:580315,00:59:443269
0,Addison,breaststroke,01:09:021146,01:09:365194,01:09:268005
0,Lily,freestyle,00:48:599314,00:48:568751,00:48:603470
0,Lily,backstroke,01:03:296110,01:03:127044,01:03:093911
0,Lily,butterfly,00:53:791799,00:53:903830,00:53:652463
0,Lily,breaststroke,01:13:347080,01:13:770152,01:14:189919
0,Lillian,freestyle,00:40:624609,00:40:161315,00:40:375959
0,Lillian,backstroke,00:56:547890,00:57:252689,00:56:834050
0,Lillian,butterfly,00:50:305052,00:50:108503,00:50:576702
0,Lillian,breaststroke,00:52:383021,00:52:219000,00:52:420418
0,Natalie,freestyle,00:43:596890,00:43:569973,00:42:968182
0,Natalie,backstroke,00:59:667160,00:59:506522,00:59:950238
0,Natalie,butterfly,00:50:474038,00:50:363092,00:50:157892
0,Natalie,breaststroke,00:58:250581,00:58:572329,00:58:957761
0,Hannah,freestyle,01:04:969638,01:04:963802,01:04:506536
0,Hannah,backstroke,00:51:352734,00:51:284798,00:51:302747
0,Hannah,butterfly,00:57:691058,00:57:920967,00:57:085996
0,Hannah,breaststroke,01:01:138698,01:02:043607,01:01:555003
0,Aria,freestyle,00:53:247875,00:53:100431,00:53:226449
0,Aria,backstroke,00:54:692851,00:54:479111,00:54:192614
0,Aria,butterfly,00:59:611639,00:59:696583,00:59:756462
0,Aria,breaststroke,00:54:598877,00:55:137606,00:55:330501
0,Layla,freestyle,00:50:025639,00:49:935161,00:49:836937
0,Layla,backstroke,01:01:783429,01:01:654028,01:01:802284
0,Layla,butterfly,00:45:230869,00:45:647560,00:45:072069
0,Layla,breaststroke,00:46:189740,00:46:228928,00:46:569395
0,Brooklyn,freestyle,01:04:974240,01:04:615218,01:04:585114
0,Brooklyn,backstroke,00:58:103547,00:58:617523,00:57:836145
0,Brooklyn,butterfly,00:54:831933,00:54:900716,00:54:766904
0,Brooklyn,breaststroke,00:53:948358,00:53:978617,00:53:772774
0,Alexa,freestyle,00:48:890932,00:48:309247,00:48:708417
0,Alexa,backstroke,00:50:687992,00:50:393803,00:51:186810
0,Alexa,butterfly,00:39:787692,00:39:415102,00:39:139928
0,Alexa,breaststroke,00:55:875685,00:55:887697,00:56:121764
0,Zoe,freestyle,00:43:094307,00:43:285447,00:42:384783
0,Zoe,backstroke,00:53:461886,00:52:721933,00:52:811559
0,Zoe,butterfly,01:13:153083,01:13:649626,01:13:337576
0,Zoe,breaststroke,00:48:133517,00:47:583624,00:47:930870
0,Penelope,freestyle,00:50:461657,00:51:024441,00:50:453611
0,Penelope,backstroke,00:50:902325,00:51:151912,00:51:094257
0,Penelope,butterfly,00:41:076284,00:40:960091,00:41:253636
0,Penelope,breaststroke,00:49:570204,00:49:047049,00:49:708261
0,Riley,freestyle,00:59:592723,00:59:684609,01:00:085657
0,Riley,backstroke,00:58:797063,00:58:952043,00:58:665823
0,Riley,butterfly,00:51:637303,00:52:198113,00:52:509574
0,Riley,breaststroke,01:08:957365,01:09:168071,01:09:370677
0,Leah,freestyle,00:45:446449,00:44:863978,00:45:239857
0,Leah,backstroke,00:51:894287,00:51:697550,00:52:101359
0,Leah,butterfly,00:36:989777,00:36:128169,00:36:442117
0,Leah,breaststroke,01:05:831334,01:05:816853,01:06:240818
0,Audrey,freestyle,00:57:623328,00:58:460167,00:57:887891
0,Audrey,backstroke,00:53:830697,00:54:643849,00:54:203451
0,Audrey,butterfly,00:44:048854,00:44:395969,00:44:127407
0,Audrey,breaststroke,01:00:178253,00:59:636973,00:59:662403
0,Savannah,freestyle,00:51:260085,00:50:908696,00:51:150088
0,Savannah,backstroke,01:08:543652,01:08:637962,01:09:045340
0,Savannah,butterfly,00:56:810382,00:56:555850,00:56:754976
0,Savannah,breaststroke,01:16:462601,01:16:443035,01:15:942836
0,Allison,freestyle,01:11:629346,01:11:670394,01:11:121554
0,Allison,backstroke,01:10:004996,01:10:377762,01:10:035622
0,Allison,butterfly,01:02:466188,01:02:968178,01:02:651547
0,Allison,breaststroke,01:11:219218,01:11:456956,01:10:982202
0,Samantha,freestyle,00:50:126060,00:50:013411,00:49:905606
0,Samantha,backstroke,00:57:467238,00:57:722365,00:58:176118
0,Samantha,butterfly,00:43:711194,00:43:799381,00:43:722534
0,Samantha,breaststroke,00:53:839632,00:53:633224,00:53:538563
1,Emma,freestyle,00:39:358520,00:38:855561,00:39:124352
1,Emma,backstroke,01:05:859064,01:05:329367,01:05:784789
1,Emma,butterfly,00:41:867347,00:42:156352,00:42:038496
1,Emma,breaststroke,00:57:343418,00:58:210665,00:57:529398
1,Olivia,freestyle,00:38:112216,00:38:315605,00:37:548865
1,Olivia,backstroke,00:55:124636,00:55:292504,00:55:382131
1,Olivia,butterfly,01:01:184296,01:01:238115,01:01:049519
1,Olivia,breaststroke,00:47:577645,00:47:482872,00:47:610929
1,Sophia,freestyle,00:59:095593,00:58:849613,00:58:872400
1,Sophia,backstroke,00:38:905835,00:39:191657,00:39:305191
1,Sophia,butterfly,01:09:123909,01:08:285808,01:09:196102
1,Sophia,breaststroke,01:15:761253,01:15:605032,01:15:208369
1,Ava,freestyle,00:59:546895,00:59:289342,00:59:658661
1,Ava,backstroke,01:10:675807,01:10:942099,01:11:450906
1,Ava,butterfly,00:42:171959,00:42:314042,00:42:568972
1,Ava,breaststroke,00:46:975204,00:47:036587,00:46:955692
1,Isabella,freestyle,00:54:865193,00:54:388228,00:54:276413
1,Isabella,backstroke,01:04:528507,01:05:183103,01:04:730922
1,Isabella,butterfly,01:01:999991,01:01:216120,01:01:525413
1,Isabella,breaststroke,00:56:865910,00:56:127627,00:57:053606
1,Mia,freestyle,01:08:654255,01:08:388904,01:08:098751
1,Mia,backstroke,01:02:701662,01:02:974304,01:03:052949
1,Mia,butterfly,01:06:730213,01:07:560908,01:06:805455
1,Mia,breaststroke,00:49:920390,00:50:117547,00:49:927681
1,Abigail,freestyle,00:55:638033,00:56:054404,00:55:754655
1,Abigail,backstroke,01:05:948202,01:06:322562,01:05:985863
1,Abigail,butterfly,01:00:756505,01:01:201681,01:00:829832
1,Abigail,breaststroke,01:01:654709,01:01:034149,01:01:772394
1,Emily,freestyle,00:56:404881,00:56:520713,00:56:633111
1,Emily,backstroke,00:40:636062,00:41:190897,00:41:036044
1,Emily,butterfly,00:59:568116,00:59:585818,00:59:442455
1,Emily,breaststroke,01:10:573585,01:10:058379,01:10:899567
1,Charlotte,freestyle,01:06:408357,01:06:968726,01:06:731703
1,Charlotte,backstroke,01:06:039711,01:05:809732,01:06:071674
1,Charlotte,butterfly,00:52:362611,00:51:781447,00:52:193447
1,Charlotte,breaststroke,00:56:135255,00:56:101651,00:55:874695
1,Harper,freestyle,01:07:526652,01:06:772522,01:06:899794
1,Harper,backstroke,00:58:633188,00:59:091291,00:58:402078
1,Harper,butterfly,01:06:420015,01:07:202592,01:06:603023
1,Harper,breaststroke,00:58:529913,00:58:386822,00:58:908415
1,Madison,freestyle,00:47:964491,00:48:488734,00:47:650611
1,Madison,backstroke,01:05:344525,01:05:741026,01:05:094838
1,Madison,butterfly,00:40:416207,00:40:692918,00:40:982386
1,Madison,breaststroke,00:48:293109,00:48:321359,00:48:100816
1,Amelia,freestyle,00:59:190195,00:58:425541,00:59:276179
1,Amelia,backstroke,00:52:475639,00:52:183503,00:51:782090
1,Amelia,butterfly,00:57:921353,00:57:836929,00:57:262231
1,Amelia,breaststroke,00:56:554134,00:57:467228,00:56:895550
1,Elizabeth,freestyle,00:44:928400,00:44:721328,00:44:490171
1,Elizabeth,backstroke,00:50:672950,00:50:754960,00:50:906947
1,Elizabeth,butterfly,00:46:079562,00:45:772059,00:46:255941
1,Elizabeth,breaststroke,00:46:999519,00:47:163413,00:47:204288
1,Sofia,freestyle,01:09:250792,01:09:476866,01:09:764890
1,Sofia,backstroke,01:07:738528,01:07:813407,01:07:914201
1,Sofia,butterfly,00:54:565917,00:53:981588,00:54:615570
1,Sofia,breaststroke,01:11:328509,01:11:125116,01:11:501621
1,Evelyn,freestyle,00:35:173740,00:34:858299,00:34:268399
1,Evelyn,backstroke,01:15:605657,01:15:669757,01:15:362372
1,Evelyn,butterfly,00:51:207287,00:51:129436,00:51:434106
1,Evelyn,breaststroke,01:13:214724,01:13:348538,01:13:309094
1,Avery,freestyle,00:51:403969,00:51:362019,00:52:038871
1,Avery,backstroke,00:56:979545,00:57:313300,00:57:492461
1,Avery,butterfly,00:45:382852,00:45:389600,00:45:349652
1,Avery,breaststroke,00:47:947089,00:48:149001,00:48:178200
1,Chloe,freestyle,01:05:291636,01:05:534072,01:05:908669
1,Chloe,backstroke,01:07:834038,01:07:491224,01:07:862998
1,Chloe,butterfly,01:04:185314,01:04:340349,01:04:218993
1,Chloe,breaststroke,01:04:557653,01:04:925025,01:04:537156
1,Ella,freestyle,01:03:634326,01:04:054573,01:03:893094
1,Ella,backstroke,00:56:200638,00:56:460960,00:56:593301
1,Ella,butterfly,00:51:452532,00:51:172019,00:51:417908
1,Ella,breaststroke,01:07:413741,01:08:174620,01:07:508938
1,Grace,freestyle,00:53:882999,00:53:731331,00:54:114438
1,Grace,backstroke,00:46:683514,00:47:004369,00:46:940384
1,Grace,butterfly,00:56:349149,00:56:667369,00:56:899927
1,Grace,breaststroke,00:55:119308,00:55:298803,00:54:989699
1,Victoria,freestyle,01:01:449363,01:02:179252,01:01:534888
1,Victoria,backstroke,00:56:118231,00:56:023555,00:56:198566
1,Victoria,butterfly,00:55:730779,00:55:612606,00:55:396096
1,Victoria,breaststroke,01:12:094590,01:11:664603,01:12:485567
1,Aubrey,freestyle,00:43:838526,00:43:257655,00:43:718200
1,Aubrey,backstroke,00:56:631703,00:56:444146,00:56:900961
1,Aubrey,butterfly,00:53:484978,00:52:747442,00:52:794360
1,Aubrey,breaststroke,00:57:189404,00:57:874929,00:57:298473
1,Scarlett,freestyle,01:01:596685,01:01:698371,01:02:345503
1,Scarlett,backstroke,00:46:619247,00:47:426786,00:47:429571
1,Scarlett,butterfly,00:45:643015,00:45:749160,00:45:739284
1,Scarlett,breaststroke,01:17:550733,01:17:232483,01:16:955350
1,Zoey,freestyle,00:51:908038,00:51:527688,00:51:365749
1,Zoey,backstroke,00:56:955843,00:56:867466,00:56:721233
1,Zoey,butterfly,00:54:962691,00:54:884132,00:54:507132
1,Zoey,breaststroke,01:03:740124,01:03:173075,01:03:900813
1,Addison,freestyle,00:41:878954,00:42:472556,00:42:418318
1,Addison,backstroke,00:55:564536,00:56:081212,00:55:723452
1,Addison,butterfly,00:53:467589,00:53:476126,00:52:618232
1,Addison,breaststroke,01:08:073652,01:07:623632,01:08:222065
1,Lily,freestyle,00:40:340406,00:40:488554,00:40:970865
1,Lily,backstroke,01:00:715901,01:00:470171,01:00:315074
1,Lily,butterfly,00:58:916265,00:59:008311,00:58:538590
1,Lily,breaststroke,00:58:120580,00:58:452852,00:58:156093
1,Lillian,freestyle,00:56:204035,00:55:713459,00:55:469668
1,Lillian,backstroke,00:58:337711,00:58:207538,00:58:532342
1,Lillian,butterfly,00:48:440156,00:49:219744,00:48:517330
1,Lillian,breaststroke,00:49:400675,00:49:598003,00:48:762967
1,Natalie,freestyle,00:56:525728,00:56:010257,00:56:432480
1,Natalie,backstroke,01:10:707497,01:09:899022,01:10:073896
1,Natalie,butterfly,00:50:075284,00:49:736305,00:49:918700
1,Natalie,breaststroke,00:56:179988,00:56:227784,00:56:687635
1,Hannah,freestyle,01:08:012408,01:08:311650,01:08:003110
1,Hannah,backstroke,00:54:080036,00:54:926009,00:54:266501
1,Hannah,butterfly,01:11:327835,01:11:641282,01:10:930986
1,Hannah,breaststroke,00:54:160062,00:54:657428,00:54:390962
1,Aria,freestyle,01:01:801218,01:02:363751,01:02:239553
1,Aria,backstroke,00:56:018054,00:56:154981,00:55:594460
1,Aria,butterfly,01:10:924309,01:11:218352,01:11:025801
1,Aria,breaststroke,00:46:661130,00:47:327739,00:47:076438
1,Layla,freestyle,00:53:954647,00:53:821052,00:54:090720
1,Layla,backstroke,01:01:179341,01:01:103498,01:00:858203
1,Layla,butterfly,00:39:088118,00:38:531197,00:38:337141
1,Layla,breaststroke,00:40:783483,00:40:854182,00:40:921936
1,Brooklyn,freestyle,01:03:388932,01:03:029283,01:03:885845
1,Brooklyn,backstroke,00:55:633003,00:56:206494,00:55:897538
1,Brooklyn,butterfly,00:59:782275,00:59:234231,00:59:649848
1,Brooklyn,breaststroke,00:55:561697,00:56:033354,00:55:589470
1,Alexa,freestyle,00:48:631456,00:48:623212,00:48:505808
1,Alexa,backstroke,00:55:840553,00:56:525548,00:56:234115
1,Alexa,butterfly,00:47:368869,00:47:528884,00:47:183096
1,Alexa,breaststroke,00:55:657803,00:55:632000,00:56:185293
1,Zoe,freestyle,00:48:326108,00:49:172070,00:48:244422
1,Zoe,backstroke,00:56:587582,00:56:598532,00:56:315518
1,Zoe,butterfly,00:57:898459,00:57:708037,00:57:205917
1,Zoe,breaststroke,00:52:925723,00:53:656317,00:53:495880
1,Penelope,freestyle,00:57:301573,00:57:376619,00:57:330949
1,Penelope,backstroke,00:51:927214,00:51:152625,00:52:083905
1,Penelope,butterfly,00:52:340441,00:52:339472,00:52:336717
1,Penelope,breaststroke,00:56:312857,00:55:892768,00:56:487536
1,Riley,freestyle,00:53:124181,00:52:670537,00:52:815061
1,Riley,backstroke,01:03:975520,01:04:851459,01:03:954579
1,Riley,butterfly,01:04:437915,01:04:912539,01:04:684822
1,Riley,breaststroke,01:10:640125,01:10:500839,01:10:658290
1,Leah,freestyle,00:43:036123,00:42:978310,00:42:165638
1,Leah,backstroke,00:52:391089,00:52:540697,00:53:222636
1,Leah,butterfly,00:50:334510,00:51:091176,00:50:381037
1,Leah,breaststroke,00:56:848147,00:56:435319,00:56:499529
1,Audrey,freestyle,00:55:998085,00:55:674249,00:55:735419
1,Audrey,backstroke,00:40:782006,00:40:903527,00:40:705801
1,Audrey,butterfly,00:48:893130,00:49:531649,00:49:854933
1,Audrey,breaststroke,00:48:244348,00:48:292295,00:48:316216
1,Savannah,freestyle,00:42:278375,00:42:783163,00:42:598191
1,Savannah,backstroke,01:15:547949,01:16:265977,01:15:957449
1,Savannah,butterfly,01:06:672723,01:06:348142,01:05:943633
1,Savannah,breaststroke,01:03:773418,01:03:919964,01:03:803221
1,Allison,freestyle,01:11:268896,01:11:225921,01:11:061214
1,Allison,backstroke,01:00:173591,01:00:257440,01:00:006006
1,Allison,butterfly,01:13:746449,01:13:572012,01:13:366144
1,Allison,breaststroke,00:59:249161,00:58:810039,00:59:154460
1,Samantha,freestyle,01:02:949922,01:03:502658,01:02:909158
1,Samantha,backstroke,01:02:407057,01:02:469444,01:02:695943
1,Samantha,butterfly,00:48:589109,00:48:006349,00:48:017222
1,Samantha,breaststroke,00:33:932013,00:34:387609,00:33:914880
2,Emma,freestyle,00:53:654410,00:53:275204,00:53:011105
2,Emma,backstroke,00:59:708500,00:59:952363,01:00:164906
2,Emma,butterfly,00:44:716918,00:44:433108,00:44:492563
2,Emma,breaststroke,01:09:489993,01:10:003478,01:09:265574
2,Olivia,freestyle,00:47:800251,00:47:788904,00:47:911108
2,Olivia,backstroke,00:49:350028,00:49:776552,00:49:102378
2,Olivia,butterfly,01:07:844386,01:07:379066,01:07:683057
2,Olivia,breaststroke,00:58:517408,00:58:889488,00:59:194772
2,Sophia,freestyle,01:11:525666,01:11:579561,01:11:500512
2,Sophia,backstroke,00:39:416551,00:39:111741,00:39:601639
2,Sophia,butterfly,00:54:471525,00:54:459853,00:55:012106
2,Sophia,breaststroke,01:11:805110,01:11:663116,01:11:732695
2,Ava,freestyle,00:57:883538,00:58:685093,00:58:495709
2,Ava,backstroke,01:00:057035,01:00:085779,01:00:572420
2,Ava,butterfly,00:41:956502,00:41:811577,00:42:459508
2,Ava,breaststroke,00:43:726920,00:43:346598,00:43:552751
2,Isabella,freestyle,00:43:461696,00:43:811625,00:43:647269
2,Isabella,backstroke,00:52:756783,00:52:840596,00:52:835172
2,Isabella,butterfly,00:58:504801,00:58:693447,00:58:674098
2,Isabella,breaststroke,00:59:736278,00:59:203550,00:59:146113
2,Mia,freestyle,01:07:471913,01:07:733803,01:07:487729
2,Mia,backstroke,01:05:278406,01:05:442262,01:05:264984
2,Mia,butterfly,01:16:457526,01:16:072360,01:16:390180
2,Mia,breaststroke,01:06:597572,01:07:511460,01:06:981365
2,Abigail,freestyle,00:59:618534,00:59:515440,00:59:589508
2,Abigail,backstroke,01:12:695802,01:12:796765,01:12:392136
2,Abigail,butterfly,00:43:992190,00:43:704138,00:44:265658
2,Abigail,breaststroke,00:44:332472,00:44:551754,00:44:508323
2,Emily,freestyle,00:56:200820,00:56:214952,00:56:449708
2,Emily,backstroke,00:46:532175,00:46:157258,00:46:429787
2,Emily,butterfly,00:58:709705,00:59:368531,00:59:352096
2,Emily,breaststroke,01:12:605476,01:13:393997,01:13:307663
2,Charlotte,freestyle,01:12:150924,01:11:879437,01:11:971666
2,Charlotte,backstroke,01:12:979313,01:13:392025,01:13:682787
2,Charlotte,butterfly,00:46:103533,00:46:587813,00:45:743841
2,Charlotte,breaststroke,00:50:300901,00:50:342708,00:50:308689
2,Harper,freestyle,00:58:280881,00:58:694309,00:58:545309
2,Harper,backstroke,00:52:838761,00:52:558306,00:52:560620
2,Harper,butterfly,01:00:521598,01:00:286533,01:00:202264
2,Harper,breaststroke,01:03:063139,01:02:644909,01:03:040370
2,Madison,freestyle,00:45:384768,00:45:335461,00:45:298215
2,Madison,backstroke,01:01:796879,01:02:491879,01:02:314502
2,Madison,butterfly,00:56:676133,00:56:596892,00:56:400517
2,Madison,breaststroke,00:49:126069,00:48:507895,00:49:092020
2,Amelia,freestyle,01:03:528697,01:02:941681,01:03:306255
2,Amelia,backstroke,01:10:604008,01:10:351960,01:10:329389
2,Amelia,butterfly,00:47:723055,00:48:122023,00:47:980342
2,Amelia,breaststroke,01:06:239258,01:05:596469,01:05:989192
2,Elizabeth,freestyle,00:49:502052,00:49:225110,00:49:404754
2,Elizabeth,backstroke,00:45:267795,00:44:930350,00:45:365475
2,Elizabeth,butterfly,00:45:246093,00:44:360477,00:45:041763
2,Elizabeth,breaststroke,00:53:754064,00:53:997149,00:53:987554
2,Sofia,freestyle,01:10:889564,01:10:403183,01:11:378683
2,Sofia,backstroke,00:57:391279,00:57:426780,00:57:542437
2,Sofia,butterfly,01:00:111352,00:59:903755,00:59:993868
2,Sofia,breaststroke,01:12:026132,01:11:432247,01:11:635353
2,Evelyn,freestyle,00:34:131992,00:33:995315,00:34:460380
2,Evelyn,backstroke,01:07:284091,01:06:459021,01:06:549316
2,Evelyn,butterfly,00:53:300683,00:53:460778,00:53:092266
2,Evelyn,breaststroke,01:02:437952,01:03:013858,01:02:685321
2,Avery,freestyle,00:48:433739,00:48:637942,00:48:209175
2,Avery,backstroke,01:08:506583,01:08:301109,01:08:357469
2,Avery,butterfly,00:47:408069,00:47:549325,00:48:111768
2,Avery,breaststroke,00:34:887566,00:34:831212,00:34:117882
2,Chloe,freestyle,00:58:217627,00:57:749093,00:57:845637
2,Chloe,backstroke,01:01:120722,01:01:397875,01:01:025638
2,Chloe,butterfly,00:54:940879,00:54:991619,00:54:424463
2,Chloe,breaststroke,00:54:456620,00:54:444180,00:54:002970
2,Ella,freestyle,00:59:688775,00:59:756729,01:00:366311
2,Ella,backstroke,00:49:702177,00:50:244649,00:49:971291
2,Ella,butterfly,01:01:485568,01:01:949803,01:01:520490
2,Ella,breaststroke,01:04:677025,01:04:546106,01:04:194535
2,Grace,freestyle,00:50:037937,00:50:350389,00:50:704073
2,Grace,backstroke,00:51:974742,00:52:014552,00:52:336877
2,Grace,butterfly,00:57:701021,00:57:457624,00:58:024999
2,Grace,breaststroke,00:50:041520,00:50:070352,00:49:825712
2,Victoria,freestyle,01:03:540729,01:04:071380,01:03:918691
2,Victoria,backstroke,00:41:098763,00:41:458797,00:41:788262
2,Victoria,butterfly,01:01:465092,01:01:443241,01:01:115969
2,Victoria,breaststroke,01:02:343193,01:02:322815,01:02:695111
2,Aubrey,freestyle,00:44:387433,00:44:874816,00:45:072816
2,Aubrey,backstroke,00:48:214379,00:47:906385,00:48:518394
2,Aubrey,butterfly,01:00:223979,00:59:438405,00:59:670412
2,Aubrey,breaststroke,00:59:747816,00:59:497248,01:00:081021
2,Scarlett,freestyle,01:04:950916,01:05:823555,01:05:746166
2,Scarlett,backstroke,00:58:783717,00:58:790789,00:58:706531
2,Scarlett,butterfly,00:49:030729,00:49:543557,00:49:224033
2,Scarlett,breaststroke,01:15:696876,01:15:275955,01:15:212225
2,Zoey,freestyle,00:57:730974,00:57:651833,00:57:691925
2,Zoey,backstroke,00:54:757404,00:54:910762,00:54:326616
2,Zoey,butterfly,00:39:698830,00:39:920942,00:39:584014
2,Zoey,breaststroke,00:49:449224,00:49:867642,00:49:732262
2,Addison,freestyle,00:39:093638,00:39:711285,00:39:716753
2,Addison,backstroke,00:55:104967,00:55:320892,00:55:933995
2,Addison,butterfly,00:52:602691,00:52:223384,00:52:456872
2,Addison,breaststroke,00:57:903397,00:58:261618,00:58:260420
2,Lily,freestyle,00:40:770209,00:41:270353,00:40:875968
2,Lily,backstroke,01:02:612405,01:02:783516,01:02:181613
2,Lily,butterfly,00:58:360730,00:58:183821,00:57:557583
2,Lily,breaststroke,00:58:842609,00:58:865706,00:58:719738
2,Lillian,freestyle,00:53:326776,00:53:531809,00:53:767451
2,Lillian,backstroke,01:02:769608,01:02:454921,01:03:107754
2,Lillian,butterfly,01:00:367188,01:00:639300,01:00:420807
2,Lillian,breaststroke,00:49:546211,00:49:666107,00:49:103368
2,Natalie,freestyle,00:56:803136,00:56:638097,00:56:616692
2,Natalie,backstroke,01:07:359215,01:07:842001,01:08:002365
2,Natalie,butterfly,00:48:207208,00:48:193120,00:48:532020
2,Natalie,breaststroke,01:08:842336,01:08:675455,01:08:507624
2,Hannah,freestyle,00:59:348139,00:58:916827,00:59:425623
2,Hannah,backstroke,01:07:490986,01:07:062448,01:07:539864
2,Hannah,butterfly,01:02:237644,01:02:212438,01:02:562682
2,Hannah,breaststroke,01:12:190331,01:12:489700,01:12:256599
2,Aria,freestyle,01:00:263613,01:00:164682,01:00:462825
2,Aria,backstroke,00:58:755343,00:59:296692,00:58:995888
2,Aria,butterfly,01:04:488699,01:04:004978,01:04:602220
2,Aria,breaststroke,00:54:850673,00:54:786431,00:55:671808
2,Layla,freestyle,01:00:724310,01:00:372067,01:00:615422
2,Layla,backstroke,01:06:648091,01:07:342484,01:07:312196
2,Layla,butterfly,00:36:471171,00:36:939733,00:35:994950
2,Layla,breaststroke,00:44:156288,00:43:785761,00:44:514977
2,Brooklyn,freestyle,01:02:987264,01:03:053561,01:02:621803
2,Brooklyn,backstroke,00:58:922492,00:58:941110,00:59:684527
2,Brooklyn,butterfly,01:00:194617,01:00:147703,01:00:478952
2,Brooklyn,breaststroke,01:08:315025,01:08:330087,01:07:620120
2,Alexa,freestyle,00:49:151028,00:49:671101,00:49:114829
2,Alexa,backstroke,00:47:986553,00:47:745505,00:48:042590
2,Alexa,butterfly,00:44:949835,00:44:669603,00:44:725305
2,Alexa,breaststroke,00:45:951458,00:45:910714,00:45:394195
2,Zoe,freestyle,00:53:188818,00:53:832314,00:53:409840
2,Zoe,backstroke,00:51:479246,00:51:515036,00:51:369413
2,Zoe,butterfly,01:10:365976,01:09:714562,01:10:155209
2,Zoe,breaststroke,00:42:133074,00:42:536276,00:42:515388
2,Penelope,freestyle,00:51:739055,00:52:031458,00:52:076547
2,Penelope,backstroke,00:38:179888,00:38:265697,00:38:372162
2,Penelope,butterfly,00:47:841961,00:47:337472,00:47:550927
2,Penelope,breaststroke,00:48:676190,00:48:579588,00:48:708005
2,Riley,freestyle,00:56:411942,00:55:934313,00:56:066981
2,Riley,backstroke,00:59:247143,00:59:140083,00:59:698183
2,Riley,butterfly,00:58:090644,00:57:605079,00:57:573932
2,Riley,breaststroke,01:06:695012,01:06:471366,01:07:082391
2,Leah,freestyle,00:53:478052,00:52:885223,00:53:635391
2,Leah,backstroke,00:44:025293,00:44:290606,00:44:115111
2,Leah,butterfly,00:49:747962,00:50:287674,00:49:577177
2,Leah,breaststroke,01:05:755375,01:05:317744,01:05:450654
2,Audrey,freestyle,00:40:753100,00:41:436371,00:40:850231
2,Audrey,backstroke,00:55:897243,00:55:716899,00:55:366293
2,Audrey,butterfly,00:46:671624,00:46:630931,00:46:755373
2,Audrey,breaststroke,00:49:551642,00:49:463681,00:49:746397
2,Savannah,freestyle,00:58:897843,00:58:408880,00:58:987015
2,Savannah,backstroke,00:59:589545,00:59:210095,00:59:031095
2,Savannah,butterfly,00:59:439211,00:59:025480,00:58:970850
2,Savannah,breaststroke,01:04:675325,01:04:366419,01:04:587834
2,Allison,freestyle,01:02:156381,01:02:229717,01:02:345281
2,Allison,backstroke,00:56:318095,00:56:750191,00:56:614950
2,Allison,butterfly,01:06:798594,01:06:585996,01:06:363020
2,Allison,breaststroke,01:06:581550,01:06:245757,01:06:160379
2,Samantha,freestyle,00:52:674270,00:52:615322,00:52:653600
2,Samantha,backstroke,01:06:819343,01:06:173103,01:06:199098
2,Samantha,butterfly,00:36:497323,00:36:673034,00:36:145255
2,Samantha,breaststroke,00:51:232648,00:50:686679,00:51:451436
3,Emma,freestyle,00:53:518296,00:54:002760,00:53:899905
3,Emma,backstroke,01:07:330381,01:06:894245,01:06:572127
3,Emma,butterfly,00:54:971445,00:55:321863,00:55:559752
3,Emma,breaststroke,00:53:303483,00:52:819473,00:53:127110
3,Olivia,freestyle,00:42:514537,00:42:326191,00:41:778100
3,Olivia,backstroke,00:54:805483,00:54:762178,00:54:412537
3,Olivia,butterfly,01:05:352397,01:04:634486,01:04:932770
3,Olivia,breaststroke,00:58:590778,00:58:458032,00:58:474772
3,Sophia,freestyle,01:07:167633,01:07:244938,01:07:417568
3,Sophia,backstroke,00:39:326187,00:39:201006,00:38:863465
3,Sophia,butterfly,01:09:647479,01:09:714636,01:10:005650
3,Sophia,breaststroke,01:00:294115,01:00:356331,01:00:380360
3,Ava,freestyle,00:55:763000,00:56:345223,00:56:222022
3,Ava,backstroke,01:04:075763,01:04:166271,01:04:498950
3,Ava,butterfly,00:40:030587,00:40:829659,00:40:456377
3,Ava,breaststroke,00:55:875233,00:55:939115,00:55:304321
3,Isabella,freestyle,00:55:534563,00:55:578705,00:55:469354
3,Isabella,backstroke,01:06:837412,01:07:006159,01:07:041143
3,Isabella,butterfly,00:55:199416,00:55:636575,00:55:226659
3,Isabella,breaststroke,01:06:347213,01:07:155123,01:07:202736
3,Mia,freestyle,01:15:435305,01:15:672443,01:15:544930
3,Mia,backstroke,01:01:240932,01:00:858709,01:00:829277
3,Mia,butterfly,01:14:726967,01:14:462516,01:15:031005
3,Mia,breaststroke,01:01:558876,01:02:379757,01:01:817277
3,Abigail,freestyle,01:05:939724,01:06:385644,01:05:761960
3,Abigail,backstroke,01:16:247986,01:15:730900,01:15:942949
3,Abigail,butterfly,00:56:183645,00:55:895179,00:55:474915
3,Abigail,breaststroke,00:55:188453,00:55:420414,00:55:665068
3,Emily,freestyle,00:51:458063,00:51:159889,00:51:072924
3,Emily,backstroke,00:45:164114,00:45:843395,00:45:675728
3,Emily,butterfly,01:04:165509,01:04:108372,01:04:458588
3,Emily,breaststroke,01:16:704878,01:17:062523,01:16:774439
3,Charlotte,freestyle,00:54:724139,00:55:357823,00:54:807710
3,Charlotte,backstroke,00:55:446241,00:54:686766,00:55:113170
3,Charlotte,butterfly,00:51:640660,00:51:567062,00:51:727451
3,Charlotte,breaststroke,00:57:650413,00:56:916944,00:57:260196
3,Harper,freestyle,01:00:498604,01:00:023187,01:00:525541
3,Harper,backstroke,00:51:471915,00:51:694949,00:51:975262
3,Harper,butterfly,01:10:722301,01:10:263250,01:10:201576
3,Harper,breaststroke,01:03:467166,01:03:173202,01:03:036962
3,Madison,freestyle,00:51:716104,00:52:140157,00:51:783095
3,Madison,backstroke,01:04:868479,01:05:049153,01:05:062033
3,Madison,butterfly,00:54:068284,00:53:576317,00:53:922812
3,Madison,breaststroke,00:54:446009,00:54:130787,00:54:269771
3,Amelia,freestyle,00:53:654828,00:53:421492,00:53:096852
3,Amelia,backstroke,00:54:075345,00:54:107643,00:54:173397
3,Amelia,butterfly,00:59:138201,00:58:628053,00:58:884760
3,Amelia,breaststroke,01:06:481650,01:06:683853,01:06:907092
3,Elizabeth,freestyle,00:44:302708,00:44:264346,00:43:879490
3,Elizabeth,backstroke,00:52:003472,00:51:816771,00:51:163666
3,Elizabeth,butterfly,00:41:215730,00:41:941066,00:41:445986
3,Elizabeth,breaststroke,00:46:738290,00:46:923442,00:46:825623
3,Sofia,freestyle,00:55:773866,00:55:203937,00:55:335554
3,Sofia,backstroke,00:55:693839,00:55:365055,00:55:690266
3,Sofia,butterfly,00:51:948819,00:52:226658,00:51:731834
3,Sofia,breaststroke,01:03:115668,01:02:678689,01:02:632978
3,Evelyn,freestyle,00:49:498688,00:49:172448,00:49:113204
3,Evelyn,backstroke,01:16:341938,01:16:405281,01:16:055453
3,Evelyn,butterfly,00:50:594888,00:51:326729,00:50:677366
3,Evelyn,breaststroke,00:59:679829,00:59:635409,00:59:892010
3,Avery,freestyle,00:57:058870,00:57:244566,00:56:629733
3,Avery,backstroke,00:55:133700,00:54:601000,00:54:563061
3,Avery,butterfly,00:54:625961,00:53:837157,00:53:994555
3,Avery,breaststroke,00:43:900606,00:43:895320,00:43:448383
3,Chloe,freestyle,00:56:917591,00:56:449033,00:56:389253
3,Chloe,backstroke,01:07:996448,01:08:197398,01:07:972707
3,Chloe,butterfly,01:02:968952,01:03:293445,01:02:692751
3,Chloe,breaststroke,00:56:385281,00:56:511092,00:55:775852
3,Ella,freestyle,00:58:302668,00:58:498498,00:58:242689
3,Ella,backstroke,00:59:096483,00:58:228620,00:58:569648
3,Ella,butterfly,00:50:629005,00:50:583735,00:50:418716
3,Ella,breaststroke,00:55:627602,00:55:537229,00:56:032894
3,Grace,freestyle,01:00:117509,01:00:040433,01:00:392975
3,Grace,backstroke,00:38:526014,00:37:897478,00:38:415338
3,Grace,butterfly,01:15:879539,01:15:033214,01:15:434334
3,Grace,breaststroke,00:52:787691,00:52:658172,00:52:466070
3,Victoria,freestyle,01:10:533344,01:10:655300,01:10:515128
3,Victoria,backstroke,00:53:147646,00:52:315222,00:52:998553
3,Victoria,butterfly,00:58:582370,00:58:535205,00:57:892857
3,Victoria,breaststroke,01:10:123884,01:10:310961,01:09:913626
3,Aubrey,freestyle,00:38:032732,00:38:664884,00:38:854363
3,Aubrey,backstroke,00:53:693447,00:53:584086,00:54:483399
3,Aubrey,butterfly,00:48:906878,00:49:656302,00:49:509850
3,Aubrey,breaststroke,01:10:245478,01:10:133325,01:10:760130
3,Scarlett,freestyle,00:54:029787,00:53:373184,00:53:459665
3,Scarlett,backstroke,00:52:452379,00:52:554615,00:52:767955
3,Scarlett,butterfly,00:49:031517,00:49:353575,00:49:656953
3,Scarlett,breaststroke,01:12:290620,01:12:418165,01:12:422753
3,Zoey,freestyle,01:02:430114,01:02:629215,01:02:444782
3,Zoey,backstroke,00:57:744326,00:57:411385,00:57:337728
3,Zoey,butterfly,00:46:682082,00:46:751877,00:46:522214
3,Zoey,breaststroke,00:47:676607,00:47:284385,00:47:038251
3,Addison,freestyle,00:36:370369,00:36:765290,00:36:577836
3,Addison,backstroke,00:54:076840,00:53:966314,00:53:895998
3,Addison,butterfly,00:55:254463,00:54:691860,00:54:367659
3,Addison,breaststroke,00:58:594629,00:58:778243,00:58:534003
3,Lily,freestyle,00:59:774467,00:59:261088,00:59:548089
3,Lily,backstroke,01:10:153486,01:10:473116,01:10:295042
3,Lily,butterfly,01:03:365825,01:03:834690,01:03:747192
3,Lily,breaststroke,01:14:407050,01:14:446679,01:14:064955
3,Lillian,freestyle,00:47:296875,00:46:954075,00:47:013995
3,Lillian,backstroke,01:09:443929,01:09:382911,01:09:676351
3,Lillian,butterfly,00:53:258391,00:52:661368,00:52:928853
3,Lillian,breaststroke,00:51:084888,00:51:166209,00:51:437743
3,Natalie,freestyle,00:41:275546,00:41:620889,00:40:849294
3,Natalie,backstroke,01:10:066295,01:10:717674,01:10:896266
3,Natalie,butterfly,00:45:814629,00:46:374793,00:46:177840
3,Natalie,breaststroke,01:09:778638,01:09:388970,01:09:550650
3,Hannah,freestyle,01:18:022856,01:17:805391,01:18:068504
3,Hannah,backstroke,00:53:842061,00:54:104471,00:53:717358
3,Hannah,butterfly,01:01:725422,01:01:654302,01:01:473709
3,Hannah,breaststroke,00:54:051293,00:53:788245,00:54:407102
3,Aria,freestyle,00:50:243278,00:50:483538,00:50:161763
3,Aria,backstroke,00:50:167726,00:49:756839,00:49:983855
3,Aria,butterfly,00:56:924242,00:57:496889,00:57:823546
3,Aria,breaststroke,00:47:654587,00:48:265977,00:47:689237
3,Layla,freestyle,00:51:442814,00:51:324805,00:51:604528
3,Layla,backstroke,00:57:017267,00:56:987723,00:56:901086
3,Layla,butterfly,00:54:509073,00:53:996573,00:54:402835
3,Layla,breaststroke,00:45:139789,00:44:971683,00:44:746999
3,Brooklyn,freestyle,00:59:309146,00:59:418753,00:58:874644
3,Brooklyn,backstroke,00:53:165080,00:52:823885,00:53:440076
3,Brooklyn,butterfly,00:58:672917,00:58:411734,00:58:643891
3,Brooklyn,breaststroke,01:07:754122,01:07:791702,01:07:800755
3,Alexa,freestyle,00:56:239154,00:55:989964,00:56:431586
3,Alexa,backstroke,00:48:965463,00:48:885093,00:48:844823
3,Alexa,butterfly,00:43:676885,00:44:009077,00:43:791838
3,Alexa,breaststroke,00:56:344229,00:56:665945,00:56:763471
3,Zoe,freestyle,00:43:698097,00:43:885895,00:43:452070
3,Zoe,backstroke,01:07:944376,01:07:531349,01:08:166833
3,Zoe,butterfly,01:05:263591,01:04:943557,01:04:929494
3,Zoe,breaststroke,00:38:521895,00:39:112566,00:39:213523
3,Penelope,freestyle,00:54:946829,00:54:939868,00:54:648243
3,Penelope,backstroke,00:49:592891,00:49:452035,00:49:055346
3,Penelope,butterfly,00:46:564408,00:46:209827,00:46:719574
3,Penelope,breaststroke,00:50:373509,00:49:657729,00:50:046061
3,Riley,freestyle,01:09:426178,01:09:961978,01:10:040833
3,Riley,backstroke,01:04:173352,01:03:855123,01:03:706342
3,Riley,butterfly,00:59:130548,00:58:534409,00:58:991099
3,Riley,breaststroke,01:06:975785,01:07:665469,01:07:337793
3,Leah,freestyle,00:59:565862,00:59:633974,00:59:699862
3,Leah,backstroke,00:51:194126,00:50:753763,00:51:013409
3,Leah,butterfly,00:41:545002,00:40:695515,00:40:714116
3,Leah,breaststroke,01:13:746447,01:14:349952,01:13:971829
3,Audrey,freestyle,00:53:440403,00:52:799216,00:53:383589
3,Audrey,backstroke,00:50:434798,00:50:758066,00:50:420938
3,Audrey,butterfly,00:53:068949,00:52:500908,00:52:637705
3,Audrey,breaststroke,00:52:536236,00:52:514788,00:51:641271
3,Savannah,freestyle,01:00:899612,01:01:290838,01:00:935226
3,Savannah,backstroke,01:05:128853,01:04:462365,01:04:810715
3,Savannah,butterfly,00:50:727835,00:50:117504,00:50:083833
3,Savannah,breaststroke,01:06:766128,01:06:793466,01:06:966562
3,Allison,freestyle,00:58:471194,00:59:028017,00:58:844340
3,Allison,backstroke,01:09:676268,01:09:323206,01:09:332718
3,Allison,butterfly,01:08:765048,01:09:579839,01:09:437942
3,Allison,breaststroke,01:14:959403,01:14:908894,01:14:575186
3,Samantha,freestyle,00:58:799245,00:58:826600,00:58:760152
3,Samantha,backstroke,01:00:077063,01:00:899152,01:00:572675
3,Samantha,butterfly,00:52:184942,00:52:644029,00:52:261981
3,Samantha,breaststroke,00:45:500918,00:44:819025,00:45:372721
4,Emma,freestyle,00:46:362007,00:46:986850,00:47:125293
4,Emma,backstroke,00:53:866282,00:54:517204,00:53:858774
4,Emma,butterfly,00:56:143595,00:56:032962,00:56:256374
4,Emma,breaststroke,00:52:869622,00:52:964990,00:53:262418
4,Olivia,freestyle,00:35:096363,00:34:962637,00:35:161438
4,Olivia,backstroke,00:49:600702,00:49:960684,00:49:241311
4,Olivia,butterfly,01:09:664920,01:09:494692,01:08:905732
4,Olivia,breaststroke,00:49:804725,00:49:565943,00:49:967884
4,Sophia,freestyle,01:00:894103,01:01:708706,01:01:416064
4,Sophia,backstroke,00:34:694401,00:33:935499,00:34:702772
4,Sophia,butterfly,01:07:339730,01:07:622647,01:07:823741
4,Sophia,breaststroke,01:06:876390,01:06:489491,01:06:654173
4,Ava,freestyle,01:13:774056,01:13:462847,01:13:188039
4,Ava,backstroke,01:06:438580,01:05:973830,01:06:890473
4,Ava,butterfly,00:50:254614,00:49:797957,00:50:461216
4,Ava,breaststroke,00:44:694898,00:44:340063,00:44:084234
4,Isabella,freestyle,00:52:736611,00:52:433194,00:53:000720
4,Isabella,backstroke,00:52:482071,00:52:765516,00:53:155505
4,Isabella,butterfly,00:46:076088,00:46:135397,00:46:179502
4,Isabella,breaststroke,00:49:100785,00:49:691883,00:49:261415
4,Mia,freestyle,01:06:244173,01:06:178567,01:06:601228
4,Mia,backstroke,01:10:476609,01:10:561610,01:10:106764
4,Mia,butterfly,01:09:622984,01:08:799450,01:09:534595
4,Mia,breaststroke,00:57:100330,00:57:892117,00:57:091523
4,Abigail,freestyle,01:06:184264,01:06:534368,01:06:163442
4,Abigail,backstroke,01:08:456608,01:08:316615,01:08:935870
4,Abigail,butterfly,00:56:005737,00:55:741040,00:56:005481
4,Abigail,breaststroke,00:52:469549,00:52:783929,00:52:580873
4,Emily,freestyle,00:52:814964,00:53:430881,00:53:387664
4,Emily,backstroke,00:43:550100,00:43:858162,00:43:667472
4,Emily,butterfly,00:56:766773,00:57:269248,00:56:977277
4,Emily,breaststroke,00:57:931740,00:58:188123,00:58:663465
4,Charlotte,freestyle,00:55:796925,00:56:507650,00:56:536632
4,Charlotte,backstroke,01:04:934381,01:05:024550,01:04:210796
4,Charlotte,butterfly,00:57:444186,00:56:818733,00:57:116414
4,Charlotte,breaststroke,00:48:292499,00:48:296483,00:48:134753
4,Harper,freestyle,01:00:965200,01:01:483202,01:01:453227
4,Harper,backstroke,01:06:897389,01:06:120920,01:06:791400
4,Harper,butterfly,01:06:053717,01:05:190893,01:05:385297
4,Harper,breaststroke,01:06:421704,01:06:019678,01:06:766114
4,Madison,freestyle,00:37:901054,00:38:311800,00:38:412115
4,Madison,backstroke,01:11:811415,01:11:631317,01:10:904943
4,Madison,butterfly,00:52:762638,00:52:637614,00:53:520826
4,Madison,breaststroke,00:55:119309,00:54:625437,00:54:491465
4,Amelia,freestyle,00:48:403883,00:48:171412,00:48:533767
4,Amelia,backstroke,00:55:264715,00:55:646227,00:55:980445
4,Amelia,butterfly,00:47:499144,00:46:886683,00:47:369439
4,Amelia,breaststroke,01:06:571849,01:06:759887,01:06:658955
4,Elizabeth,freestyle,00:52:409879,00:51:528204,00:52:428126
4,Elizabeth,backstroke,00:56:977441,00:57:071117,00:57:224133
4,Elizabeth,butterfly,00:42:270809,00:42:231405,00:43:142087
4,Elizabeth,breaststroke,00:43:889855,00:44:359886,00:43:856789
4,Sofia,freestyle,00:55:411936,00:55:568948,00:55:240414
4,Sofia,backstroke,01:06:782997,01:06:692257,01:06:765069
4,Sofia,butterfly,00:53:095864,00:53:535479,00:53:261085
4,Sofia,breaststroke,00:56:778823,00:56:666127,00:56:467921
4,Evelyn,freestyle,00:41:323146,00:41:039601,00:41:620168
4,Evelyn,backstroke,01:17:118269,01:16:617223,01:17:025876
4,Evelyn,butterfly,00:42:242580,00:41:512573,00:41:380511
4,Evelyn,breaststroke,01:13:494186,01:13:156296,01:13:496999
4,Avery,freestyle,00:47:711021,00:47:705214,00:47:301417
4,Avery,backstroke,00:59:592975,00:59:344739,00:59:608371
4,Avery,butterfly,00:46:243629,00:46:336991,00:45:641101
4,Avery,breaststroke,00:41:383858,00:41:435793,00:41:867348
4,Chloe,freestyle,01:05:005950,01:04:580370,01:05:038100
4,Chloe,backstroke,01:05:357018,01:05:573270,01:05:739952
4,Chloe,butterfly,01:00:337935,01:01:234893,01:00:799617
4,Chloe,breaststroke,01:05:880144,01:05:016239,01:05:266366
4,Ella,freestyle,01:05:727409,01:06:095689,01:05:696427
4,Ella,backstroke,00:57:821952,00:58:117716,00:57:911647
4,Ella,butterfly,00:49:567194,00:49:185049,00:49:888922
4,Ella,breaststroke,01:07:505314,01:07:538248,01:07:651774
4,Grace,freestyle,00:54:738837,00:54:939092,00:54:150741
4,Grace,backstroke,00:53:363997,00:53:891483,00:53:530618
4,Grace,butterfly,01:06:237432,01:06:617508,01:06:236781
4,Grace,breaststroke,00:50:991796,00:51:344901,00:51:442539
4,Victoria,freestyle,00:54:096644,00:54:698893,00:54:251193
4,Victoria,backstroke,00:48:434400,00:47:874531,00:48:064066
4,Victoria,butterfly,00:54:994950,00:55:322879,00:54:849725
4,Victoria,breaststroke,01:16:620375,01:16:710209,01:16:073239
4,Aubrey,freestyle,00:34:431395,00:34:024280,00:33:705075
4,Aubrey,backstroke,00:51:396167,00:51:204283,00:50:782567
4,Aubrey,butterfly,00:56:895739,00:56:887237,00:56:777613
4,Aubrey,breaststroke,01:01:803837,01:02:113154,01:01:823792
4,Scarlett,freestyle,01:12:045076,01:11:781537,01:11:438024
4,Scarlett,backstroke,00:59:533483,00:59:660224,00:59:640655
4,Scarlett,butterfly,00:44:698197,00:44:894617,00:44:585447
4,Scarlett,breaststroke,01:11:941971,01:12:199632,01:11:421549
4,Zoey,freestyle,00:46:407775,00:46:530635,00:46:324675
4,Zoey,backstroke,01:01:579101,01:00:909376,01:01:138282
4,Zoey,butterfly,00:49:714951,00:49:872590,00:49:772302
4,Zoey,breaststroke,01:01:154205,01:00:978839,01:01:126471
4,Addison,freestyle,00:48:643474,00:48:245906,00:48:465520
4,Addison,backstroke,00:47:549750,00:47:345387,00:46:902588
4,Addison,butterfly,00:58:058372,00:57:952847,00:58:322047
4,Addison,breaststroke,00:52:716114,00:52:584336,00:52:509524
4,Lily,freestyle,00:40:293515,00:41:184899,00:41:119635
4,Lily,backstroke,00:51:772703,00:52:027050,00:52:199650
4,Lily,butterfly,01:04:358172,01:05:002424,01:04:490905
4,Lily,breaststroke,01:08:475994,01:08:605782,01:08:505844
4,Lillian,freestyle,00:49:851472,00:49:832588,00:49:188203
4,Lillian,backstroke,00:59:761216,00:59:847927,00:59:589473
4,Lillian,butterfly,01:00:694365,01:00:915283,01:00:138720
4,Lillian,breaststroke,00:44:752404,00:43:933018,00:44:418001
4,Natalie,freestyle,00:42:142339,00:41:877807,00:41:589472
4,Natalie,backstroke,00:58:676011,00:58:026050,00:58:676240
4,Natalie,butterfly,00:42:533161,00:42:919895,00:42:503110
4,Natalie,breaststroke,01:00:058009,01:00:079650,01:00:447595
4,Hannah,freestyle,01:12:425714,01:12:326540,01:12:036599
4,Hannah,backstroke,01:05:098870,01:05:268749,01:05:516501
4,Hannah,butterfly,01:09:752631,01:09:279259,01:09:346340
4,Hannah,breaststroke,01:06:551912,01:06:722225,01:06:265246
4,Aria,freestyle,01:07:377422,01:06:832563,01:07:329552
4,Aria,backstroke,00:45:214365,00:45:075561,00:45:547544
4,Aria,butterfly,01:06:932349,01:07:233049,01:07:245455
4,Aria,breaststroke,00:37:989636,00:38:245822,00:38:671204
4,Layla,freestyle,00:56:363734,00:56:288774,00:56:564162
4,Layla,backstroke,00:50:139275,00:50:235114,00:49:792770
4,Layla,butterfly,00:37:375376,00:37:085169,00:37:723052
4,Layla,breaststroke,00:36:541725,00:36:579116,00:35:825589
4,Brooklyn,freestyle,01:06:721734,01:06:862123,01:06:878041
4,Brooklyn,backstroke,00:47:874485,00:48:052716,00:48:337653
4,Brooklyn,butterfly,00:51:984622,00:51:811786,00:51:500141
4,Brooklyn,breaststroke,00:54:234823,00:54:552348,00:53:765895
4,Alexa,freestyle,00:49:577573,00:49:693771,00:49:386132
4,Alexa,backstroke,00:47:898116,00:48:235237,00:48:030278
4,Alexa,butterfly,00:50:905006,00:50:467909,00:50:352299
4,Alexa,breaststroke,00:40:671286,00:40:174679,00:40:293037
4,Zoe,freestyle,00:42:011019,00:41:608257,00:42:429475
4,Zoe,backstroke,01:02:170608,01:02:510582,01:02:388860
4,Zoe,butterfly,01:02:354578,01:02:728421,01:02:906654
4,Zoe,breaststroke,00:52:114834,00:52:992365,00:52:991937
4,Penelope,freestyle,00:59:632769,01:00:303437,01:00:380497
4,Penelope,backstroke,00:47:873852,00:47:085087,00:47:595356
4,Penelope,butterfly,00:57:351537,00:57:198579,00:57:313164
4,Penelope,breaststroke,00:57:259100,00:57:373981,00:57:122102
4,Riley,freestyle,00:50:786165,00:49:988148,00:50:896844
4,Riley,backstroke,00:56:646598,00:56:940986,00:57:206189
4,Riley,butterfly,01:00:885141,01:00:998511,01:01:257625
4,Riley,breaststroke,01:04:556327,01:04:068959,01:04:389843
4,Leah,freestyle,00:52:896705,00:52:501914,00:52:379662
4,Leah,backstroke,00:52:153786,00:52:037004,00:52:267496
4,Leah,butterfly,00:36:938822,00:36:969931,00:36:172325
4,Leah,breaststroke,01:11:111833,01:10:252825,01:10:970501
4,Audrey,freestyle,00:40:761123,00:40:580623,00:41:361640
4,Audrey,backstroke,00:55:133072,00:55:101185,00:55:416856
4,Audrey,butterfly,00:39:556333,00:38:879100,00:39:559704
4,Audrey,breaststroke,00:58:570604,00:58:642619,00:58:781881
4,Savannah,freestyle,00:51:170794,00:51:185527,00:51:431643
4,Savannah,backstroke,01:01:457277,01:00:836244,01:01:588652
4,Savannah,butterfly,01:02:675342,01:03:146868,01:02:953424
4,Savannah,breaststroke,01:01:692610,01:01:550882,01:01:616698
4,Allison,freestyle,01:02:155368,01:02:178040,01:02:442497
4,Allison,backstroke,00:58:036307,00:58:377595,00:58:743826
4,Allison,butterfly,01:06:884381,01:07:030450,01:07:191004
4,Allison,breaststroke,01:08:572320,01:07:823615,01:07:672390
4,Samantha,freestyle,01:06:542173,01:05:791459,01:05:886911
4,Samantha,backstroke,01:03:548144,01:03:198090,01:03:330662
4,Samantha,butterfly,00:40:979328,00:41:011694,00:41:335388
4,Samantha,breaststroke,00:49:630934,00:49:442659,00:49:272633
5,Emma,freestyle,00:37:579897,00:37:404263,00:37:257410
5,Emma,backstroke,01:10:702313,01:11:036651,01:10:877956
5,Emma,butterfly,00:44:465048,00:44:637834,00:44:073217
5,Emma,breaststroke,00:58:542930,00:57:819273,00:58:209595
5,Olivia,freestyle,00:48:103653,00:48:727942,00:48:074160
5,Olivia,backstroke,00:46:522860,00:45:792092,00:46:321188
5,Olivia,butterfly,01:02:627098,01:02:733064,01:02:552893
5,Olivia,breaststroke,00:58:766735,00:59:121566,00:59:195952
5,Sophia,freestyle,00:59:937147,00:59:500316,00:59:412653
5,Sophia,backstroke,00:51:091681,00:50:764210,00:50:459913
5,Sophia,butterfly,00:56:746080,00:56:791452,00:57:178113
5,Sophia,breaststroke,00:56:404628,00:57:253691,00:57:230741
5,Ava,freestyle,01:09:987488,01:09:877746,01:10:649125
5,Ava,backstroke,00:59:486249,00:59:444800,00:59:900944
5,Ava,butterfly,00:47:876856,00:47:558874,00:47:839263
5,Ava,breaststroke,00:40:187950,00:39:704657,00:39:608599
5,Isabella,freestyle,00:43:970844,00:43:892116,00:43:578849
5,Isabella,backstroke,01:05:378645,01:05:406520,01:05:240860
5,Isabella,butterfly,00:48:058754,00:47:767283,00:47:870534
5,Isabella,breaststroke,00:57:054638,00:56:875746,00:56:966804
5,Mia,freestyle,01:10:234092,01:10:108030,01:10:286937
5,Mia,backstroke,01:07:933096,01:08:059886,01:08:140158
5,Mia,butterfly,01:13:536780,01:12:828656,01:12:691941
5,Mia,breaststroke,01:00:636372,01:01:476281,01:00:933708
5,Abigail,freestyle,00:58:993448,00:59:252910,00:59:367866
5,Abigail,backstroke,01:01:490088,01:01:507578,01:01:292554
5,Abigail,butterfly,00:56:239327,00:55:759672,00:55:739613
5,Abigail,breaststroke,00:58:886585,00:59:816221,00:59:396457
5,Emily,freestyle,00:55:941841,00:55:919097,00:55:490391
5,Emily,backstroke,00:51:037422,00:51:810041,00:51:514335
5,Emily,butterfly,01:05:872314,01:05:911136,01:06:553868
5,Emily,breaststroke,01:10:074477,01:09:606181,01:09:595955
5,Charlotte,freestyle,01:07:635893,01:07:662004,01:07:241705
5,Charlotte,backstroke,00:57:682152,00:57:328315,00:58:060435
5,Charlotte,butterfly,00:48:873742,00:48:523491,00:48:633120
5,Charlotte,breaststroke,00:55:546191,00:54:760901,00:55:059143
5,Harper,freestyle,00:53:581279,00:52:970214,00:53:406297
5,Harper,backstroke,01:03:805804,01:03:802298,01:03:521996
5,Harper,butterfly,01:14:246349,01:13:826551,01:13:594135
5,Harper,breaststroke,01:08:109216,01:08:302967,01:08:394526
5,Madison,freestyle,00:52:636099,00:53:234369,00:53:114635
5,Madison,backstroke,00:55:391869,00:55:121101,00:55:549232
5,Madison,butterfly,00:40:029112,00:39:830605,00:40:575844
5,Madison,breaststroke,00:50:379255,00:51:031435,00:50:921787
5,Amelia,freestyle,00:44:980437,00:44:841656,00:45:411186
5,Amelia,backstroke,00:59:220742,00:59:845628,00:59:778882
5,Amelia,butterfly,00:49:908446,00:49:722071,00:50:292735
5,Amelia,breaststroke,01:00:660533,01:00:272264,00:59:989936
5,Elizabeth,freestyle,00:49:234805,00:49:196590,00:49:050622
5,Elizabeth,backstroke,00:48:744736,00:48:618116,00:48:512145
5,Elizabeth,butterfly,00:50:637326,00:49:939043,00:50:214754
5,Elizabeth,breaststroke,00:53:526891,00:53:074472,00:53:951248
5,Sofia,freestyle,01:00:331493,01:00:020019,00:59:782386
5,Sofia,backstroke,01:01:016265,01:00:926437,01:00:304722
5,Sofia,butterfly,00:50:276326,00:50:645385,00:50:704085
5,Sofia,breaststroke,01:02:570781,01:02:855124,01:03:371895
5,Evelyn,freestyle,00:46:199810,00:46:445677,00:46:586247
5,Evelyn,backstroke,01:03:953954,01:03:661671,01:03:315654
5,Evelyn,butterfly,00:48:169171,00:47:950957,00:48:570917
5,Evelyn,breaststroke,01:00:397454,01:00:555805,01:00:699533
5,Avery,freestyle,00:54:721536,00:54:466926,00:54:701781
5,Avery,backstroke,01:04:530904,01:04:575263,01:05:018672
5,Avery,butterfly,00:49:390538,00:49:548093,00:50:079871
5,Avery,breaststroke,00:45:063770,00:44:344626,00:44:607525
5,Chloe,freestyle,00:58:814637,00:58:595375,00:58:670686
5,Chloe,backstroke,01:03:922082,01:04:247031,01:04:119131
5,Chloe,butterfly,01:06:110054,01:06:789310,01:07:052253
5,Chloe,breaststroke,00:50:209099,00:49:868771,00:50:610326
5,Ella,freestyle,01:15:479973,01:14:917638,01:14:990321
5,Ella,backstroke,00:56:356148,00:56:070171,00:55:592678
5,Ella,butterfly,01:02:581053,01:02:592695,01:03:279488
5,Ella,breaststroke,01:02:341010,01:02:607398,01:02:471838
5,Grace,freestyle,01:03:545983,01:03:134293,01:03:570557
5,Grace,backstroke,00:53:785615,00:53:854335,00:52:980104
5,Grace,butterfly,01:11:850503,01:12:349999,01:12:088812
5,Grace,breaststroke,00:47:680526,00:48:023922,00:48:391383
5,Victoria,freestyle,01:09:708416,01:09:364951,01:08:949853
5,Victoria,backstroke,00:57:424253,00:57:366074,00:58:128748
5,Victoria,butterfly,01:07:223742,01:07:706760,01:07:843011
5,Victoria,breaststroke,01:03:921145,01:04:068006,01:04:176081
5,Aubrey,freestyle,00:48:848526,00:48:785037,00:49:248081
5,Aubrey,backstroke,00:47:471319,00:47:861901,00:47:390318
5,Aubrey,butterfly,00:52:312212,00:52:356949,00:52:131683
5,Aubrey,breaststroke,01:00:982603,01:00:814780,01:00:707788
5,Scarlett,freestyle,00:59:548475,00:59:918284,01:00:142955
5,Scarlett,backstroke,00:49:539456,00:49:352151,00:49:440682
5,Scarlett,butterfly,00:49:856514,00:49:695923,00:49:207636
5,Scarlett,breaststroke,01:13:402137,01:13:331295,01:13:076873
5,Zoey,freestyle,00:58:908626,00:58:555157,00:58:663703
5,Zoey,backstroke,00:46:583955,00:46:528007,00:46:962101
5,Zoey,butterfly,00:55:911322,00:55:767192,00:55:455358
5,Zoey,breaststroke,00:49:460242,00:50:037794,00:49:328518
5,Addison,freestyle,00:53:288172,00:52:667967,00:53:305343
5,Addison,backstroke,00:40:582282,00:40:426417,00:40:775765
5,Addison,butterfly,00:48:563890,00:48:885450,00:49:230565
5,Addison,breaststroke,01:06:672207,01:06:830622,01:06:132372
5,Lily,freestyle,00:50:881857,00:51:575718,00:50:897544
5,Lily,backstroke,01:05:755666,01:06:129273,01:06:532105
5,Lily,butterfly,01:06:698533,01:06:203044,01:06:784447
5,Lily,breaststroke,00:59:092096,00:59:193920,00:59:114917
5,Lillian,freestyle,00:39:196451,00:38:308315,00:38:781952
5,Lillian,backstroke,01:06:371672,01:07:019319,01:06:357653
5,Lillian,butterfly,00:54:479822,00:54:230737,00:54:528486
5,Lillian,breaststroke,00:41:798313,00:41:795902,00:41:492789
5,Natalie,freestyle,00:44:156607,00:44:643522,00:44:525641
5,Natalie,backstroke,01:09:170756,01:09:277327,01:09:430919
5,Natalie,butterfly,00:50:567459,00:51:134396,00:51:152788
5,Natalie,breaststroke,01:09:917644,01:10:232335,01:09:861734
5,Hannah,freestyle,01:06:150875,01:06:235916,01:05:775719
5,Hannah,backstroke,00:59:854846,01:00:589392,01:00:694633
5,Hannah,butterfly,00:59:632035,00:59:533401,00:59:540734
5,Hannah,breaststroke,00:59:188622,00:59:433056,00:58:883323
5,Aria,freestyle,01:00:078059,01:00:797437,01:01:006948
5,Aria,backstroke,00:43:481342,00:43:604265,00:43:186107
5,Aria,butterfly,00:59:930877,01:00:263365,01:00:457768
5,Aria,breaststroke,00:53:747432,00:53:844830,00:52:914931
5,Layla,freestyle,01:01:526714,01:01:193980,01:01:363048
5,Layla,backstroke,00:54:129785,00:54:573190,00:54:126824
5,Layla,butterfly,00:36:592157,00:36:629977,00:35:872307
5,Layla,breaststroke,00:41:367024,00:40:730517,00:40:593995
5,Brooklyn,freestyle,00:54:975749,00:54:388713,00:54:624905
5,Brooklyn,backstroke,01:01:025895,01:00:861702,01:00:517923
5,Brooklyn,butterfly,01:00:366924,01:00:413208,01:00:217293
5,Brooklyn,breaststroke,01:06:176951,01:05:779672,01:06:423342
5,Alexa,freestyle,00:41:630448,00:41:880850,00:41:387535
5,Alexa,backstroke,00:43:255315,00:43:287572,00:43:780403
5,Alexa,butterfly,00:53:912309,00:53:453535,00:53:829169
5,Alexa,breaststroke,00:54:196359,00:54:192986,00:54:417335
5,Zoe,freestyle,00:41:116427,00:40:918263,00:41:141235
5,Zoe,backstroke,01:02:339919,01:01:704652,01:01:952864
5,Zoe,butterfly,00:56:959606,00:57:786852,00:56:958605
5,Zoe,breaststroke,00:37:353150,00:37:942152,00:37:001172
5,Penelope,freestyle,00:51:067455,00:50:809454,00:50:931202
5,Penelope,backstroke,00:55:054845,00:55:195307,00:55:452543
5,Penelope,butterfly,00:42:145797,00:41:996036,00:41:504063
5,Penelope,breaststroke,00:44:800980,00:44:282102,00:45:210940
5,Riley,freestyle,01:02:057809,01:01:690696,01:01:911819
5,Riley,backstroke,00:59:795347,00:59:927237,00:59:862956
5,Riley,butterfly,00:52:720085,00:52:653899,00:52:962670
5,Riley,breaststroke,01:11:483471,01:11:971936,01:11:908133
5,Leah,freestyle,00:48:069973,00:48:038527,00:48:536201
5,Leah,backstroke,00:52:854657,00:52:981900,00:52:976371
5,Leah,butterfly,00:45:306157,00:46:009516,00:45:051146
5,Leah,breaststroke,01:14:769599,01:15:532035,01:15:435024
5,Audrey,freestyle,00:58:814936,00:58:683944,00:58:358166
5,Audrey,backstroke,00:56:195599,00:55:874160,00:56:725999
5,Audrey,butterfly,00:39:639072,00:39:069287,00:38:970929
5,Audrey,breaststroke,00:52:801856,00:53:413056,00:52:662505
5,Savannah,freestyle,00:56:340362,00:56:782239,00:56:272174
5,Savannah,backstroke,01:08:367703,01:08:678553,01:07:936086
5,Savannah,butterfly,00:57:146333,00:57:485777,00:57:491411
5,Savannah,breaststroke,01:08:616070,01:08:560864,01:08:604147
5,Allison,freestyle,01:08:708769,01:08:744540,01:09:095509
5,Allison,backstroke,01:15:413781,01:16:240129,01:15:480286
5,Allison,butterfly,01:07:869737,01:08:265709,01:08:688065
5,Allison,breaststroke,01:00:529807,01:00:613251,00:59:875584
5,Samantha,freestyle,00:55:402346,00:55:277914,00:55:478290
5,Samantha,backstroke,01:02:772422,01:02:421599,01:02:648277
5,Samantha,butterfly,00:43:903053,00:44:132486,00:43:914479
5,Samantha,breaststroke,00:44:348503,00:44:736342,00:44:916276
6,Emma,freestyle,00:40:348509,00:39:944413,00:40:703299
6,Emma,backstroke,00:57:100377,00:56:230762,00:56:187268
6,Emma,butterfly,00:39:654527,00:39:893615,00:39:942571
6,Emma,breaststroke,00:58:585066,00:58:533852,00:59:378177
6,Olivia,freestyle,00:48:355550,00:48:295173,00:47:935611
6,Olivia,backstroke,00:56:782227,00:57:047509,00:57:456386
6,Olivia,butterfly,01:05:318134,01:05:008181,01:05:254413
6,Olivia,breaststroke,00:50:649371,00:50:056201,00:50:694046
6,Sophia,freestyle,01:03:361373,01:04:009980,01:03:447961
6,Sophia,backstroke,00:38:898670,00:39:464062,00:39:136942
6,Sophia,butterfly,00:59:094637,00:58:891673,00:58:307710
6,Sophia,breaststroke,01:01:112501,01:00:606534,01:01:067968
6,Ava,freestyle,00:57:543921,00:57:169513,00:57:489514
6,Ava,backstroke,01:03:271381,01:03:492793,01:02:977835
6,Ava,butterfly,00:43:149350,00:42:751887,00:43:645238
6,Ava,breaststroke,00:52:694659,00:53:423322,00:53:151911
6,Isabella,freestyle,00:43:584386,00:44:391249,00:43:886726
6,Isabella,backstroke,01:01:343956,01:01:279360,01:01:626751
6,Isabella,butterfly,01:01:563001,01:01:623041,01:01:668782
6,Isabella,breaststroke,00:55:663895,00:55:980307,00:55:879765
6,Mia,freestyle,01:08:778717,01:07:820514,01:08:412498
6,Mia,backstroke,01:02:875507,01:02:337042,01:02:423703
6,Mia,butterfly,01:14:374007,01:14:779230,01:15:141005
6,Mia,breaststroke,01:04:562722,01:04:101101,01:04:212707
6,Abigail,freestyle,01:09:781124,01:09:811708,01:09:949050
6,Abigail,backstroke,01:17:558872,01:16:847979,01:16:891456
6,Abigail,butterfly,00:55:834064,00:55:113844,00:55:293234
6,Abigail,breaststroke,00:46:741215,00:47:271188,00:46:594486
6,Emily,freestyle,00:57:243583,00:57:105544,00:57:776469
6,Emily,backstroke,00:53:884735,00:53:016098,00:53:485650
6,Emily,butterfly,01:03:905424,01:04:419432,01:03:875629
6,Emily,breaststroke,01:06:512425,01:05:724059,01:06:408537
6,Charlotte,freestyle,01:04:355278,01:04:235750,01:04:593114
6,Charlotte,backstroke,01:08:859106,01:09:091656,01:08:977953
6,Charlotte,butterfly,00:57:263922,00:57:024932,00:57:446491
6,Charlotte,breaststroke,00:53:818356,00:52:980679,00:53:693159
6,Harper,freestyle,01:00:294270,00:59:848964,00:59:752716
6,Harper,backstroke,01:04:195824,01:03:897420,01:04:399738
6,Harper,butterfly,01:00:386287,01:00:438288,01:00:507808
6,Harper,breaststroke,01:09:849740,01:09:957393,01:09:308129
6,Madison,freestyle,00:51:789858,00:52:543167,00:52:155456
6,Madison,backstroke,00:57:002694,00:57:669561,00:56:953323
6,Madison,butterfly,00:54:653972,00:54:763300,00:54:722210
6,Madison,breaststroke,00:53:946787,00:53:385836,00:53:082350
6,Amelia,freestyle,01:03:239712,01:03:538581,01:04:087523
6,Amelia,backstroke,01:09:338852,01:09:633317,01:09:708758
6,Amelia,butterfly,00:52:433711,00:52:440433,00:51:925605
6,Amelia,breaststroke,00:54:428684,00:54:714100,00:54:039741
6,Elizabeth,freestyle,00:39:632662,00:38:955758,00:38:894379
6,Elizabeth,backstroke,00:47:599920,00:48:035085,00:47:611304
6,Elizabeth,butterfly,00:44:577353,00:45:042392,00:44:802604
6,Elizabeth,breaststroke,00:47:181041,00:47:285999,00:46:757828
6,Sofia,freestyle,00:59:187430,00:58:630178,00:58:903247
6,Sofia,backstroke,00:52:034562,00:51:682285,00:52:455409
6,Sofia,butterfly,01:03:237511,01:03:697349,01:03:062877
6,Sofia,breaststroke,01:09:962231,01:09:374862,01:09:435901
6,Evelyn,freestyle,00:47:981292,00:47:954804,00:47:439569
6,Evelyn,backstroke,01:17:995325,01:17:559534,01:18:092388
6,Evelyn,butterfly,00:50:010160,00:50:516053,00:50:720212
6,Evelyn,breaststroke,01:16:236509,01:15:866330,01:15:449403
6,Avery,freestyle,00:53:484898,00:53:252373,00:53:682356
6,Avery,backstroke,01:09:526450,01:09:388609,01:10:089224
6,Avery,butterfly,00:49:735485,00:50:546273,00:50:039373
6,Avery,breaststroke,00:49:788925,00:49:817109,00:49:538079
6,Chloe,freestyle,00:52:369636,00:52:436662,00:52:085685
6,Chloe,backstroke,01:08:583505,01:08:309830,01:08:250419
6,Chloe,butterfly,01:03:701818,01:03:381649,01:03:556562
6,Chloe,breaststroke,00:52:366277,00:51:873232,00:51:773636
6,Ella,freestyle,01:07:373329,01:07:728676,01:07:491102
6,Ella,backstroke,00:55:142402,00:54:869811,00:54:595243
6,Ella,butterfly,01:01:308102,01:01:349292,01:01:376146
6,Ella,breaststroke,01:00:661671,01:00:600544,01:00:268847
6,Grace,freestyle,00:54:479855,00:54:509573,00:54:496849
6,Grace,backstroke,00:51:260090,00:51:180102,00:50:684052
6,Grace,butterfly,01:03:337218,01:03:500417,01:02:905671
6,Grace,breaststroke,00:47:972214,00:48:061572,00:48:641230
6,Victoria,freestyle,01:03:276554,01:02:982380,01:03:064788
6,Victoria,backstroke,00:53:543786,00:53:240504,00:52:969289
6,Victoria,butterfly,01:02:500445,01:02:127563,01:02:566959
6,Victoria,breaststroke,01:07:000813,01:06:550324,01:06:657761
6,Aubrey,freestyle,00:34:997399,00:34:950688,00:34:869864
6,Aubrey,backstroke,00:50:682668,00:50:407464,00:50:226146
6,Aubrey,butterfly,00:52:228649,00:52:841047,00:52:024169
6,Aubrey,breaststroke,00:56:989018,00:56:813627,00:56:132591
6,Scarlett,freestyle,01:06:993212,01:06:759144,01:07:118567
6,Scarlett,backstroke,00:57:450918,00:57:392200,00:57:647477
6,Scarlett,butterfly,00:52:729066,00:51:986180,00:52:003757
6,Scarlett,breaststroke,01:11:043589,01:10:917748,01:10:909823
6,Zoey,freestyle,01:04:903587,01:04:925233,01:04:177285
6,Zoey,backstroke,00:50:412011,00:50:542227,00:50:443176
6,Zoey,butterfly,00:46:864810,00:47:677089,00:47:772366
6,Zoey,breaststroke,00:59:485224,00:59:170830,00:59:591199
6,Addison,freestyle,00:36:866091,00:36:000074,00:36:715686
6,Addison,backstroke,00:42:714087,00:42:857013,00:42:505183
6,Addison,butterfly,00:56:938199,00:56:912503,00:57:267302
6,Addison,breaststroke,00:55:550394,00:55:460242,00:55:269394
6,Lily,freestyle,00:49:676106,00:49:982663,00:49:326185
6,Lily,backstroke,00:57:473405,00:57:715855,00:57:956291
6,Lily,butterfly,00:54:394298,00:54:579616,00:54:297959
6,Lily,breaststroke,01:09:097734,01:08:853114,01:09:191984
6,Lillian,freestyle,00:47:289353,00:47:577621,00:47:831506
6,Lillian,backstroke,00:52:496318,00:53:342885,00:53:316129
6,Lillian,butterfly,01:05:261726,01:04:860439,01:05:223164
6,Lillian,breaststroke,00:37:999480,00:37:908026,00:37:561123
6,Natalie,freestyle,00:41:030661,00:41:400400,00:41:827995
6,Natalie,backstroke,01:09:204192,01:09:630354,01:09:624151
6,Natalie,butterfly,00:56:292653,00:56:580023,00:56:784412
6,Natalie,breaststroke,01:13:539676,01:13:302761,01:13:393567
6,Hannah,freestyle,01:02:473596,01:02:864974,01:03:022169
6,Hannah,backstroke,00:55:396164,00:55:073114,00:55:336366
6,Hannah,butterfly,01:05:677231,01:05:726500,01:05:254719
6,Hannah,breaststroke,01:05:332417,01:05:293162,01:05:153777
6,Aria,freestyle,00:52:284198,00:51:411808,00:52:274118
6,Aria,backstroke,00:48:869875,00:49:556372,00:48:888412
6,Aria,butterfly,00:55:862630,00:56:249285,00:56:002301
6,Aria,breaststroke,00:41:369440,00:41:631738,00:41:460994
6,Layla,freestyle,00:48:442013,00:48:298583,00:47:698644
6,Layla,backstroke,00:50:702585,00:51:412518,00:51:380242
6,Layla,butterfly,00:55:301177,00:55:042729,00:54:968034
6,Layla,breaststroke,00:53:266304,00:53:554237,00:53:294576
6,Brooklyn,freestyle,01:02:809140,01:03:076235,01:03:172779
6,Brooklyn,backstroke,00:47:945909,00:48:597663,00:48:261843
6,Brooklyn,butterfly,00:52:489383,00:51:643475,00:52:418896
6,Brooklyn,breaststroke,01:09:774805,01:09:838605,01:10:070805
6,Alexa,freestyle,00:52:779795,00:52:398505,00:52:717811
6,Alexa,backstroke,00:44:966299,00:44:904678,00:45:001856
6,Alexa,butterfly,00:42:970766,00:43:065277,00:42:923437
6,Alexa,breaststroke,00:44:434714,00:45:025850,00:44:471444
6,Zoe,freestyle,00:36:571180,00:35:928840,00:36:159729
6,Zoe,backstroke,00:53:788091,00:54:329029,00:53:737187
6,Zoe,butterfly,01:10:761787,01:10:655277,01:10:731031
6,Zoe,breaststroke,00:52:994313,00:52:483663,00:52:612999
6,Penelope,freestyle,01:00:176947,00:59:665612,00:59:943336
6,Penelope,backstroke,00:57:233141,00:57:124332,00:57:561604
6,Penelope,butterfly,00:51:421599,00:51:192040,00:51:322395
6,Penelope,breaststroke,00:53:617506,00:53:484724,00:52:826937
6,Riley,freestyle,00:53:719614,00:53:541494,00:52:955536
6,Riley,backstroke,01:14:340504,01:13:960601,01:14:469715
6,Riley,butterfly,00:48:525971,00:48:757812,00:48:042709
6,Riley,breaststroke,00:57:947882,00:57:408109,00:57:829222
6,Leah,freestyle,00:43:385378,00:43:957788,00:44:096312
6,Leah,backstroke,00:46:221090,00:46:412020,00:45:910858
6,Leah,butterfly,00:46:748619,00:46:384896,00:46:550629
6,Leah,breaststroke,01:09:181892,01:09:521415,01:09:196755
6,Audrey,freestyle,00:52:646721,00:52:323382,00:52:469996
6,Audrey,backstroke,00:42:518946,00:42:498575,00:42:964751
6,Audrey,butterfly,00:47:400874,00:47:768762,00:47:480645
6,Audrey,breaststroke,00:48:722676,00:47:886554,00:48:704326
6,Savannah,freestyle,00:58:191612,00:58:217961,00:58:389052
6,Savannah,backstroke,01:05:074083,01:05:276298,01:05:057741
6,Savannah,butterfly,01:07:044327,01:07:927406,01:07:194812
6,Savannah,breaststroke,01:00:771689,01:00:274563,01:00:367252
6,Allison,freestyle,01:02:792758,01:02:955650,01:02:573105
6,Allison,backstroke,00:57:124522,00:57:012989,00:57:222982
6,Allison,butterfly,01:11:114195,01:11:074865,01:11:129845
6,Allison,breaststroke,01:11:166308,01:11:367096,01:10:715370
6,Samantha,freestyle,00:56:569852,00:56:891062,00:56:458318
6,Samantha,backstroke,00:54:884405,00:54:295176,00:54:959039
6,Samantha,butterfly,00:53:064914,00:52:682929,00:52:793362
6,Samantha,breaststroke,00:36:560403,00:36:099040,00:36:482083
7,Emma,freestyle,00:40:654237,00:40:550945,00:40:257936
7,Emma,backstroke,01:08:904505,01:08:856334,01:08:569790
7,Emma,butterfly,00:40:340093,00:40:917289,00:40:976074
7,Emma,breaststroke,01:06:416805,01:06:115570,01:06:518967
7,Olivia,freestyle,00:51:110851,00:51:251581,00:50:961812
7,Olivia,backstroke,00:55:575026,00:55:252907,00:54:633903
7,Olivia,butterfly,00:54:202728,00:54:424300,00:54:432229
7,Olivia,breaststroke,00:49:587094,00:49:624593,00:48:909031
7,Sophia,freestyle,01:06:324348,01:05:910916,01:05:798826
7,Sophia,backstroke,00:36:983126,00:37:126089,00:37:776139
7,Sophia,butterfly,00:59:026900,00:58:480283,00:58:370440
7,Sophia,breaststroke,01:08:368086,01:07:562863,01:08:354220
7,Ava,freestyle,01:12:168576,01:12:590920,01:12:084716
7,Ava,backstroke,00:57:951452,00:57:058456,00:57:453295
7,Ava,butterfly,00:56:647077,00:56:369888,00:57:118678
7,Ava,breaststroke,00:45:832106,00:46:118632,00:45:900315
7,Isabella,freestyle,00:53:551958,00:53:073077,00:53:910853
7,Isabella,backstroke,01:02:433348,01:01:934137,01:01:547518
7,Isabella,butterfly,00:46:598106,00:46:606891,00:47:038055
7,Isabella,breaststroke,01:01:333595,01:01:666940,01:01:443714
7,Mia,freestyle,01:14:459057,01:14:634378,01:14:417426
7,Mia,backstroke,01:06:161439,01:05:985423,01:05:885238
7,Mia,butterfly,01:14:894080,01:14:516124,01:14:443985
7,Mia,breaststroke,00:55:851283,00:55:324587,00:55:749630
7,Abigail,freestyle,00:56:393118,00:57:182974,00:57:373855
7,Abigail,backstroke,01:05:679921,01:06:075991,01:05:751727
7,Abigail,butterfly,01:00:310173,01:00:386305,01:00:884845
7,Abigail,breaststroke,00:45:959354,00:46:488435,00:46:262570
7,Emily,freestyle,01:01:184871,01:00:472705,01:00:814213
7,Emily,backstroke,00:44:838359,00:44:828674,00:45:065362
7,Emily,butterfly,01:02:141066,01:01:925361,01:02:568312
7,Emily,breaststroke,01:02:528359,01:02:891674,01:03:192319
7,Charlotte,freestyle,00:52:656683,00:52:207605,00:52:628897
7,Charlotte,backstroke,01:01:632178,01:01:338739,01:02:280676
7,Charlotte,butterfly,00:44:617770,00:45:088228,00:44:865698
7,Charlotte,breaststroke,01:02:934475,01:02:157533,01:02:306264
7,Harper,freestyle,00:59:977341,01:00:066828,00:59:550057
7,Harper,backstroke,00:59:740878,00:58:957885,00:59:859518
7,Harper,butterfly,00:58:988905,00:58:490689,00:58:681875
7,Harper,breaststroke,01:00:656533,01:00:978684,01:00:141963
7,Madison,freestyle,00:46:536723,00:46:896813,00:46:297700
7,Madison,backstroke,00:57:821948,00:57:326917,00:57:825108
7,Madison,butterfly,00:41:935844,00:42:271091,00:42:353711
7,Madison,breaststroke,00:50:889424,00:50:411592,00:50:130247
7,Amelia,freestyle,00:58:657271,00:58:595511,00:57:968262
7,Amelia,backstroke,01:07:269271,01:07:212071,01:07:612498
7,Amelia,butterfly,00:56:224758,00:56:725728,00:56:721764
7,Amelia,breaststroke,01:08:135997,01:08:719698,01:08:159232
7,Elizabeth,freestyle,00:40:012178,00:39:750463,00:39:811095
7,Elizabeth,backstroke,00:58:293360,00:57:921955,00:57:861180
7,Elizabeth,butterfly,00:49:912460,00:49:824683,00:49:243803
7,Elizabeth,breaststroke,00:44:474836,00:44:430487,00:44:230432
7,Sofia,freestyle,01:07:749374,01:07:190977,01:07:301828
7,Sofia,backstroke,01:07:098785,01:06:865637,01:06:815767
7,Sofia,butterfly,00:56:591875,00:56:580310,00:56:137831
7,Sofia,breaststroke,00:57:869411,00:57:199994,00:57:546045
7,Evelyn,freestyle,00:42:495342,00:42:336738,00:42:842059
7,Evelyn,backstroke,01:17:209096,01:17:270484,01:16:936780
7,Evelyn,butterfly,00:43:056151,00:42:754031,00:43:155227
7,Evelyn,breaststroke,01:16:182599,01:16:082887,01:16:049359
7,Avery,freestyle,00:53:438896,00:52:871177,00:53:089555
7,Avery,backstroke,00:54:798008,00:55:437115,00:54:686118
7,Avery,butterfly,00:56:853650,00:57:460840,00:57:112037
7,Avery,breaststroke,00:44:059339,00:44:638674,00:44:428691
7,Chloe,freestyle,01:05:946482,01:05:844292,01:06:615742
7,Chloe,backstroke,01:00:919822,01:00:007373,01:00:317724
7,Chloe,butterfly,01:02:890821,01:03:166987,01:02:855381
7,Chloe,breaststroke,01:04:996381,01:04:759162,01:05:278400
7,Ella,freestyle,01:00:829241,01:00:752176,01:00:689808
7,Ella,backstroke,00:44:956541,00:45:575697,00:45:348086
7,Ella,butterfly,00:55:481309,00:55:997870,00:55:089798
7,Ella,breaststroke,01:07:904310,01:07:774256,01:08:158327
7,Grace,freestyle,01:07:514826,01:07:365033,01:07:368291
7,Grace,backstroke,00:42:580384,00:42:440385,00:42:993341
7,Grace,butterfly,01:09:862492,01:09:896557,01:09:863711
7,Grace,breaststroke,00:45:537042,00:44:763811,00:44:825801
7,Victoria,freestyle,01:13:811685,01:14:131762,01:14:128322
7,Victoria,backstroke,00:55:295241,00:55:270961,00:55:461952
7,Victoria,butterfly,01:08:405915,01:08:421181,01:08:253976
7,Victoria,breaststroke,01:07:086272,01:06:993963,01:06:837937
7,Aubrey,freestyle,00:47:022818,00:47:853321,00:47:124446
7,Aubrey,backstroke,00:54:769082,00:54:728944,00:54:513463
7,Aubrey,butterfly,00:54:774450,00:54:533338,00:54:654961
7,Aubrey,breaststroke,01:12:341055,01:12:663886,01:12:334998
7,Scarlett,freestyle,01:05:430915,01:05:015680,01:04:962573
7,Scarlett,backstroke,00:47:789369,00:47:816791,00:48:554728
7,Scarlett,butterfly,00:42:980716,00:42:983305,00:43:233125
7,Scarlett,breaststroke,01:10:429013,01:11:203734,01:11:073876
7,Zoey,freestyle,00:48:246590,00:47:934868,00:47:873631
7,Zoey,backstroke,00:42:943331,00:43:071524,00:43:064805
7,Zoey,butterfly,00:57:041273,00:56:668476,00:57:149982
7,Zoey,breaststroke,00:59:703727,01:00:326099,01:00:398993
7,Addison,freestyle,00:40:342835,00:40:442049,00:40:327447
7,Addison,backstroke,00:58:054237,00:58:796568,00:57:805069
7,Addison,butterfly,00:47:626855,00:46:984270,00:47:419443
7,Addison,breaststroke,01:05:580458,01:05:808972,01:05:437128
7,Lily,freestyle,00:55:844070,00:56:322579,00:55:787588
7,Lily,backstroke,00:52:863405,00:52:706262,00:53:174853
7,Lily,butterfly,00:59:999727,00:59:995965,01:00:329828
7,Lily,breaststroke,00:58:986370,00:59:410678,00:58:850328
7,Lillian,freestyle,00:47:259294,00:47:862802,00:47:830788
7,Lillian,backstroke,01:03:429299,01:03:714958,01:03:436800
7,Lillian,butterfly,00:50:098995,00:50:709563,00:50:195447
7,Lillian,breaststroke,00:48:921111,00:48:975634,00:49:220659
7,Natalie,freestyle,00:47:166863,00:46:914148,00:46:702783
7,Natalie,backstroke,00:52:612839,00:52:771493,00:52:837130
7,Natalie,butterfly,00:54:840615,00:54:678591,00:54:926677
7,Natalie,breaststroke,01:06:906905,01:07:035339,01:06:688389
7,Hannah,freestyle,01:09:303279,01:09:134293,01:09:689525
7,Hannah,backstroke,01:00:591148,01:00:704629,01:00:028374
7,Hannah,butterfly,00:59:254242,01:00:138072,00:59:488726
7,Hannah,breaststroke,00:57:315822,00:57:364503,00:57:837448
7,Aria,freestyle,00:58:158702,00:57:672364,00:58:394916
7,Aria,backstroke,00:47:831277,00:47:676647,00:48:346484
7,Aria,butterfly,01:01:740667,01:02:123493,01:02:620398
7,Aria,breaststroke,00:41:594886,00:42:464420,00:41:741255
7,Layla,freestyle,00:56:278357,00:55:701059,00:56:511922
7,Layla,backstroke,00:56:820585,00:56:634898,00:57:474019
7,Layla,butterfly,00:36:657880,00:36:758012,00:36:936568
7,Layla,breaststroke,00:40:324763,00:40:467424,00:40:941831
7,Brooklyn,freestyle,00:51:950836,00:52:685538,00:52:578185
7,Brooklyn,backstroke,00:51:345449,00:51:920973,00:51:251147
7,Brooklyn,butterfly,00:56:234944,00:56:202271,00:56:650345
7,Brooklyn,breaststroke,01:09:058915,01:08:877536,01:08:823308
7,Alexa,freestyle,00:51:361402,00:52:154057,00:51:698617
7,Alexa,backstroke,00:49:416560,00:50:342472,00:49:707082
7,Alexa,butterfly,00:48:340694,00:48:449836,00:47:766420
7,Alexa,breaststroke,00:43:057670,00:43:227162,00:43:021018
7,Zoe,freestyle,00:38:649800,00:38:792312,00:39:126428
7,Zoe,backstroke,00:56:078067,00:56:090777,00:55:803177
7,Zoe,butterfly,01:09:697699,01:09:253019,01:09:448178
7,Zoe,breaststroke,00:41:273300,00:41:705605,00:41:129202
7,Penelope,freestyle,01:07:492074,01:07:325478,01:08:036257
7,Penelope,backstroke,00:42:999867,00:42:925619,00:43:768527
7,Penelope,butterfly,00:50:546160,00:50:042587,00:50:425989
7,Penelope,breaststroke,00:46:094394,00:46:302600,00:46:750766
7,Riley,freestyle,01:07:133935,01:06:645505,01:07:244850
7,Riley,backstroke,01:05:571436,01:06:445145,01:05:944394
7,Riley,butterfly,01:05:054038,01:04:801602,01:04:908188
7,Riley,breaststroke,00:59:691176,00:59:469562,00:59:736917
7,Leah,freestyle,00:52:993854,00:52:324447,00:52:838479
7,Leah,backstroke,00:44:570801,00:44:357148,00:44:070719
7,Leah,butterfly,00:40:901705,00:40:696495,00:41:145299
7,Leah,breaststroke,01:14:740404,01:14:832941,01:14:408611
7,Audrey,freestyle,00:53:748095,00:53:521966,00:52:987408
7,Audrey,backstroke,00:41:413311,00:42:009979,00:41:382966
7,Audrey,butterfly,00:34:632121,00:34:585881,00:34:435631
7,Audrey,breaststroke,00:56:607886,00:56:454388,00:56:906629
7,Savannah,freestyle,00:51:113179,00:51:931339,00:51:307330
7,Savannah,backstroke,00:59:894140,01:00:131814,00:59:391342
7,Savannah,butterfly,01:07:446584,01:07:423006,01:07:818915
7,Savannah,breaststroke,01:11:926688,01:11:849266,01:11:223162
7,Allison,freestyle,01:03:559113,01:03:017692,01:03:322161
7,Allison,backstroke,01:03:423013,01:02:581871,01:02:968166
7,Allison,butterfly,01:12:112017,01:12:278087,01:11:310149
7,Allison,breaststroke,01:05:096167,01:04:733604,01:05:524788
7,Samantha,freestyle,00:53:502995,00:53:010299,00:53:089674
7,Samantha,backstroke,01:02:387776,01:01:878957,01:01:946722
7,Samantha,butterfly,00:54:139660,00:53:892040,00:53:388479
7,Samantha,breaststroke,00:45:970223,00:46:008708,00:45:375571
8,Emma,freestyle,00:48:689673,00:49:302742,00:48:673688
8,Emma,backstroke,01:03:466621,01:03:476083,01:03:174512
8,Emma,butterfly,00:55:652616,00:56:305593,00:56:100896
8,Emma,breaststroke,01:07:682818,01:07:426941,01:07:422739
8,Olivia,freestyle,00:34:737073,00:33:899207,00:34:070490
8,Olivia,backstroke,00:56:356880,00:56:503102,00:56:823362
8,Olivia,butterfly,01:08:023256,01:07:580110,01:07:477708
8,Olivia,breaststroke,00:50:437802,00:49:906980,00:49:826625
8,Sophia,freestyle,00:54:714222,00:54:917710,00:54:485323
8,Sophia,backstroke,00:53:260869,00:52:501907,00:53:109505
8,Sophia,butterfly,01:04:403031,01:04:021123,01:04:139452
8,Sophia,breaststroke,01:01:735563,01:02:441024,01:02:176949
8,Ava,freestyle,00:58:022150,00:58:559857,00:58:180936
8,Ava,backstroke,00:55:981072,00:55:347790,00:55:574537
8,Ava,butterfly,00:57:527309,00:57:281831,00:56:900436
8,Ava,breaststroke,00:39:859200,00:39:670326,00:39:386401
8,Isabella,freestyle,00:45:530041,00:45:151322,00:45:629425
8,Isabella,backstroke,00:59:356034,00:59:631960,00:59:582588
8,Isabella,butterfly,00:49:821137,00:49:575638,00:49:762618
8,Isabella,breaststroke,01:01:218472,01:01:379118,01:01:223321
8,Mia,freestyle,01:17:543947,01:17:387027,01:17:436350
8,Mia,backstroke,01:06:738452,01:06:570284,01:06:637314
8,Mia,butterfly,01:13:982475,01:13:371469,01:13:122400
8,Mia,breaststroke,00:52:180400,00:52:051365,00:52:108555
8,Abigail,freestyle,01:02:686541,01:02:073681,01:02:418371
8,Abigail,backstroke,01:07:658882,01:07:460692,01:08:396189
8,Abigail,butterfly,00:51:431225,00:51:981923,00:51:945474
8,Abigail,breaststroke,00:44:183537,00:44:370323,00:43:758424
8,Emily,freestyle,01:05:225432,01:05:054626,01:04:562536
8,Emily,backstroke,00:56:101926,00:55:459451,00:55:451940
8,Emily,butterfly,00:57:223952,00:57:197382,00:56:938556
8,Emily,breaststroke,01:01:654050,01:01:744982,01:01:518863
8,Charlotte,freestyle,01:07:587193,01:07:560154,01:07:482800
8,Charlotte,backstroke,01:12:414985,01:13:185427,01:13:156216
8,Charlotte,butterfly,00:59:144050,00:59:246409,00:58:999308
8,Charlotte,breaststroke,00:43:797546,00:44:130897,00:43:981619
8,Harper,freestyle,01:07:556723,01:07:248975,01:07:194914
8,Harper,backstroke,00:56:722232,00:57:025617,00:56:789526
8,Harper,butterfly,01:09:637905,01:09:348153,01:09:423195
8,Harper,breaststroke,00:56:797118,00:56:537561,00:56:602358
8,Madison,freestyle,00:41:191654,00:41:469621,00:40:932060
8,Madison,backstroke,01:04:237835,01:04:725465,01:04:050475
8,Madison,butterfly,00:46:925046,00:47:018733,00:46:383778
8,Madison,breaststroke,00:48:803150,00:49:317818,00:49:075059
8,Amelia,freestyle,01:03:840758,01:03:526478,01:04:134042
8,Amelia,backstroke,00:57:123524,00:57:830385,00:57:469361
8,Amelia,butterfly,00:50:985216,00:51:211731,00:50:873536
8,Amelia,breaststroke,01:06:358351,01:06:684231,01:06:156374
8,Elizabeth,freestyle,00:35:392487,00:35:635598,00:35:446756
8,Elizabeth,backstroke,00:40:328163,00:40:505863,00:40:013692
8,Elizabeth,butterfly,00:40:403061,00:40:488805,00:40:228261
8,Elizabeth,breaststroke,00:40:618165,00:40:879887,00:40:546563
8,Sofia,freestyle,01:10:039903,01:10:084361,01:09:823464
8,Sofia,backstroke,01:06:207895,01:07:028580,01:06:292639
8,Sofia,butterfly,01:01:274256,01:01:269535,01:01:307321
8,Sofia,breaststroke,00:59:755331,00:59:869694,01:00:116597
8,Evelyn,freestyle,00:47:632955,00:48:083260,00:47:554311
8,Evelyn,backstroke,01:02:675169,01:02:171164,01:02:719435
8,Evelyn,butterfly,00:48:030024,00:48:409214,00:47:829671
8,Evelyn,breaststroke,01:04:143719,01:04:286655,01:03:925298
8,Avery,freestyle,00:49:449470,00:49:915501,00:49:829228
8,Avery,backstroke,01:05:394251,01:05:533934,01:05:282708
8,Avery,butterfly,00:47:160409,00:47:262431,00:46:729604
8,Avery,breaststroke,00:45:458921,00:45:410080,00:45:341039
8,Chloe,freestyle,00:59:908549,00:59:781842,00:59:723978
8,Chloe,backstroke,01:11:979715,01:11:614609,01:12:199411
8,Chloe,butterfly,00:59:569933,00:59:109185,00:59:997575
8,Chloe,breaststroke,01:00:666223,01:01:277116,01:01:326032
8,Ella,freestyle,01:00:633686,01:01:150595,01:00:736638
8,Ella,backstroke,00:53:432816,00:53:108072,00:53:139742
8,Ella,butterfly,00:56:885845,00:56:981854,00:56:306412
8,Ella,breaststroke,01:06:236627,01:05:635997,01:05:485086
8,Grace,freestyle,00:51:246880,00:51:741822,00:51:288080
8,Grace,backstroke,00:41:761734,00:41:766670,00:41:846942
8,Grace,butterfly,00:56:557928,00:56:284334,00:56:280230
8,Grace,breaststroke,00:58:202478,00:58:980194,00:58:801290
8,Victoria,freestyle,01:05:995027,01:05:754951,01:05:224278
8,Victoria,backstroke,00:46:183376,00:46:142001,00:46:071857
8,Victoria,butterfly,01:06:875944,01:07:300045,01:07:014232
8,Victoria,breaststroke,01:03:350093,01:04:000393,01:03:837625
8,Aubrey,freestyle,00:53:592159,00:53:556352,00:53:189023
8,Aubrey,backstroke,00:50:772487,00:51:640350,00:51:602085
8,Aubrey,butterfly,00:46:520988,00:47:120440,00:46:822011
8,Aubrey,breaststroke,01:11:392127,01:11:970067,01:12:043523
8,Scarlett,freestyle,00:54:819113,00:54:632827,00:54:562903
8,Scarlett,backstroke,00:55:807216,00:55:648202,00:56:188781
8,Scarlett,butterfly,00:40:824033,00:41:244407,00:40:953546
8,Scarlett,breaststroke,01:07:741134,01:07:925782,01:07:447577
8,Zoey,freestyle,00:49:476873,00:49:495371,00:49:351874
8,Zoey,backstroke,01:00:874411,01:01:610360,01:01:346237
8,Zoey,butterfly,00:45:811739,00:46:370175,00:46:493626
8,Zoey,breaststroke,00:56:001624,00:56:117252,00:56:608831
8,Addison,freestyle,00:43:937541,00:44:040705,00:43:867181
8,Addison,backstroke,00:44:318941,00:43:948305,00:43:679388
8,Addison,butterfly,01:00:532524,01:01:178123,01:00:742943
8,Addison,breaststroke,00:58:017828,00:57:878113,00:57:603269
8,Lily,freestyle,00:43:044038,00:43:155068,00:42:874883
8,Lily,backstroke,01:09:618967,01:09:052895,01:09:706939
8,Lily,butterfly,00:56:333171,00:56:506779,00:56:873546
8,Lily,breaststroke,01:11:712087,01:11:268303,01:12:206998
8,Lillian,freestyle,00:48:984160,00:48:600043,00:48:723276
8,Lillian,backstroke,01:01:839177,01:01:797243,01:01:927681
8,Lillian,butterfly,00:49:777942,00:49:708697,00:50:338888
8,Lillian,breaststroke,00:37:746822,00:38:313359,00:38:126114
8,Natalie,freestyle,00:51:710708,00:51:842840,00:51:578252
8,Natalie,backstroke,01:12:161950,01:11:965632,01:11:498596
8,Natalie,butterfly,00:54:003579,00:54:676820,00:54:373883
8,Natalie,breaststroke,01:10:954589,01:11:041509,01:11:047966
8,Hannah,freestyle,01:04:956231,01:05:354198,01:05:336145
8,Hannah,backstroke,00:56:908067,00:56:783984,00:57:361162
8,Hannah,butterfly,01:04:725327,01:04:561938,01:04:871585
8,Hannah,breaststroke,01:07:319193,01:07:004791,01:07:184675
8,Aria,freestyle,00:57:440695,00:57:619616,00:58:199085
8,Aria,backstroke,00:40:959774,00:41:314024,00:40:660747
8,Aria,butterfly,00:56:015817,00:56:871889,00:56:532364
8,Aria,breaststroke,00:42:223468,00:42:356302,00:42:268676
8,Layla,freestyle,01:05:567107,01:06:281171,01:06:198655
8,Layla,backstroke,01:06:534384,01:05:955525,01:06:292732
8,Layla,butterfly,00:37:115375,00:37:576848,00:37:293411
8,Layla,breaststroke,00:36:547569,00:36:330738,00:36:228880
8,Brooklyn,freestyle,00:54:121431,00:54:169652,00:54:060990
8,Brooklyn,backstroke,01:06:089469,01:05:926679,01:06:447541
8,Brooklyn,butterfly,01:04:409855,01:03:861073,01:04:259465
8,Brooklyn,breaststroke,00:59:412038,00:59:524620,00:58:837104
8,Alexa,freestyle,00:57:353029,00:57:297573,00:57:785099
8,Alexa,backstroke,00:55:583353,00:55:973732,00:55:880819
8,Alexa,butterfly,00:39:980543,00:40:010311,00:40:123045
8,Alexa,breaststroke,00:48:479919,00:48:264418,00:48:807826
8,Zoe,freestyle,00:42:340231,00:42:830186,00:42:218644
8,Zoe,backstroke,01:06:392323,01:06:087720,01:06:216772
8,Zoe,butterfly,01:07:324215,01:07:281965,01:07:766214
8,Zoe,breaststroke,00:50:780944,00:50:951424,00:51:021998
8,Penelope,freestyle,01:03:124414,01:02:777293,01:02:669695
8,Penelope,backstroke,00:44:700081,00:44:953637,00:44:579304
8,Penelope,butterfly,00:42:612975,00:42:464450,00:42:060286
8,Penelope,breaststroke,00:59:066875,00:58:683011,00:58:876796
8,Riley,freestyle,00:56:146377,00:55:696405,00:55:546254
8,Riley,backstroke,01:04:861861,01:04:598474,01:04:659287
8,Riley,butterfly,00:51:033527,00:51:067263,00:51:378999
8,Riley,breaststroke,00:58:661263,00:59:152126,00:59:315160
8,Leah,freestyle,00:53:696810,00:53:463021,00:53:629583
8,Leah,backstroke,00:43:095501,00:43:174987,00:42:488858
8,Leah,butterfly,00:47:347997,00:47:068968,00:47:052903
8,Leah,breaststroke,01:11:829487,01:12:105428,01:12:117860
8,Audrey,freestyle,00:53:051387,00:53:059841,00:53:510274
8,Audrey,backstroke,00:47:554321,00:47:543935,00:47:407413
8,Audrey,butterfly,00:46:705372,00:46:567786,00:46:512938
8,Audrey,breaststroke,01:02:962952,01:03:448260,01:03:401565
8,Savannah,freestyle,00:44:110173,00:44:108541,00:43:546886
8,Savannah,backstroke,01:13:277421,01:13:286504,01:12:465313
8,Savannah,butterfly,00:58:444480,00:58:158126,00:57:650721
8,Savannah,breaststroke,01:01:388092,01:00:897684,01:01:693641
8,Allison,freestyle,01:13:261017,01:12:552569,01:12:363950
8,Allison,backstroke,00:56:058636,00:55:995990,00:56:520428
8,Allison,butterfly,00:58:883752,00:58:800450,00:58:572925
8,Allison,breaststroke,01:05:737187,01:05:902335,01:06:418514
8,Samantha,freestyle,00:48:902238,00:48:824609,00:49:088389
8,Samantha,backstroke,01:07:772366,01:07:419415,01:07:220304
8,Samantha,butterfly,00:42:570826,00:43:079942,00:42:695308
8,Samantha,breaststroke,00:38:634708,00:38:207826,00:38:345513
9,Emma,freestyle,00:33:630688,00:34:053622,00:34:184839
9,Emma,backstroke,01:10:367495,01:10:933072,01:10:727660
9,Emma,butterfly,00:53:625859,00:53:388068,00:53:604304
9,Emma,breaststroke,00:55:344000,00:55:384235,00:55:028966
9,Olivia,freestyle,00:53:479886,00:52:804630,00:53:277810
9,Olivia,backstroke,01:00:628399,01:01:189491,01:00:964311
9,Olivia,butterfly,01:06:170413,01:05:603125,01:05:287379
9,Olivia,breaststroke,00:56:565513,00:56:081408,00:56:736948
9,Sophia,freestyle,00:57:369889,00:57:442190,00:56:822981
9,Sophia,backstroke,00:51:798824,00:51:857553,00:51:097809
9,Sophia,butterfly,01:06:153831,01:05:987500,01:06:082122
9,Sophia,breaststroke,01:02:021895,01:02:532950,01:02:049959
9,Ava,freestyle,00:57:249722,00:57:566423,00:57:945745
9,Ava,backstroke,01:12:918603,01:13:537435,01:12:879118
9,Ava,butterfly,00:47:596977,00:48:339804,00:48:393868
9,Ava,breaststroke,00:47:817854,00:47:152528,00:46:883708
9,Isabella,freestyle,00:58:626651,00:58:282068,00:58:527040
9,Isabella,backstroke,01:07:944894,01:08:450114,01:08:066253
9,Isabella,butterfly,01:00:064689,01:00:272240,00:59:670004
9,Isabella,breaststroke,00:49:821644,00:49:235802,00:49:570424
9,Mia,freestyle,01:09:376576,01:09:591671,01:10:143711
9,Mia,backstroke,00:55:882599,00:55:834327,00:55:419593
9,Mia,butterfly,01:11:411205,01:11:761899,01:11:774208
9,Mia,breaststroke,00:55:090621,00:54:769151,00:55:484126
9,Abigail,freestyle,01:11:003584,01:10:682878,01:11:204837
9,Abigail,backstroke,01:08:271145,01:08:293791,01:07:887091
9,Abigail,butterfly,00:45:118846,00:45:175309,00:45:149451
9,Abigail,breaststroke,01:00:226545,00:59:634579,01:00:055048
9,Emily,freestyle,00:57:350409,00:57:317864,00:57:889523
9,Emily,backstroke,00:47:104422,00:46:489687,00:46:240976
9,Emily,butterfly,00:58:054448,00:58:647548,00:58:281645
9,Emily,breaststroke,01:15:490710,01:15:444158,01:15:104147
9,Charlotte,freestyle,01:10:918779,01:11:725033,01:11:626999
9,Charlotte,backstroke,01:08:278858,01:08:009759,01:08:372847
9,Charlotte,butterfly,00:58:127561,00:58:366145,00:58:540615
9,Charlotte,breaststroke,00:47:937369,00:47:381784,00:47:845593
9,Harper,freestyle,00:57:818010,00:58:026362,00:57:980316
9,Harper,backstroke,01:04:080768,01:03:666506,01:04:113311
9,Harper,butterfly,01:05:415209,01:05:733984,01:05:885998
9,Harper,breaststroke,01:05:706037,01:05:306001,01:05:789601
9,Madison,freestyle,00:54:444945,00:54:584123,00:54:448408
9,Madison,backstroke,01:00:827459,01:00:672382,01:00:650943
9,Madison,butterfly,00:56:401891,00:56:361309,00:57:068117
9,Madison,breaststroke,00:57:978406,00:58:178215,00:58:053706
9,Amelia,freestyle,01:02:407677,01:02:404818,01:02:745008
9,Amelia,backstroke,01:03:565431,01:03:783083,01:04:199166
9,Amelia,butterfly,00:47:218436,00:47:123153,00:47:370875
9,Amelia,breaststroke,01:11:990019,01:11:721734,01:11:018169
9,Elizabeth,freestyle,00:47:685939,00:48:284796,00:48:422177
9,Elizabeth,backstroke,00:47:576458,00:47:439831,00:47:753149
9,Elizabeth,butterfly,00:49:808901,00:49:705474,00:49:115522
9,Elizabeth,breaststroke,00:49:702825,00:50:056666,00:49:889715
9,Sofia,freestyle,01:00:966160,01:00:574699,01:00:151403
9,Sofia,backstroke,00:54:458628,00:54:991578,00:54:414073
9,Sofia,butterfly,00:58:722904,00:58:183614,00:58:333416
9,Sofia,breaststroke,00:53:716901,00:53:498026,00:53:596904
9,Evelyn,freestyle,00:48:411258,00:48:552390,00:48:620158
9,Evelyn,backstroke,01:17:106820,01:17:745157,01:17:828771
9,Evelyn,butterfly,00:47:338666,00:46:608274,00:46:796981
9,Evelyn,breaststroke,01:12:488955,01:12:416656,01:12:552800
9,Avery,freestyle,00:49:370488,00:49:031718,00:49:114854
9,Avery,backstroke,01:05:398615,01:04:851602,01:04:919770
9,Avery,butterfly,00:45:317454,00:45:173657,00:45:249657
9,Avery,breaststroke,00:39:795924,00:39:877613,00:39:797896
9,Chloe,freestyle,01:06:232492,01:06:334930,01:06:058535
9,Chloe,backstroke,01:11:551594,01:11:682410,01:11:429625
9,Chloe,butterfly,00:58:344967,00:58:660980,00:58:210518
9,Chloe,breaststroke,01:02:076831,01:01:931364,01:02:291255
9,Ella,freestyle,00:58:026661,00:58:057956,00:58:785496
9,Ella,backstroke,01:02:014087,01:02:683908,01:02:385368
9,Ella,butterfly,00:51:629957,00:52:026087,00:51:413223
9,Ella,breaststroke,00:59:322787,00:58:816048,00:59:000910
9,Grace,freestyle,00:50:711268,00:51:466188,00:51:405642
9,Grace,backstroke,00:35:187208,00:35:211084,00:34:670441
9,Grace,butterfly,00:57:842809,00:57:655764,00:57:908793
9,Grace,breaststroke,00:59:638571,00:59:628504,00:59:210372
9,Victoria,freestyle,01:01:049871,01:00:412633,01:00:674518
9,Victoria,backstroke,00:55:812122,00:55:126793,00:55:697703
9,Victoria,butterfly,01:05:305650,01:05:470456,01:04:766693
9,Victoria,breaststroke,01:01:503164,01:01:379248,01:01:834747
9,Aubrey,freestyle,00:42:025859,00:41:193166,00:41:800913
9,Aubrey,backstroke,00:43:646300,00:43:771794,00:43:801947
9,Aubrey,butterfly,00:45:577222,00:45:707546,00:45:619301
9,Aubrey,breaststroke,00:58:034195,00:57:424859,00:57:953857
9,Scarlett,freestyle,01:00:236748,01:00:297400,01:00:769803
9,Scarlett,backstroke,00:50:268229,00:50:472659,00:50:016618
9,Scarlett,butterfly,00:53:634964,00:53:084621,00:53:109609
9,Scarlett,breaststroke,01:13:571953,01:13:770901,01:13:569706
9,Zoey,freestyle,01:04:171500,01:03:739102,01:04:089827
9,Zoey,backstroke,00:48:516722,00:47:850662,00:48:169019
9,Zoey,butterfly,00:54:142453,00:53:886455,00:54:097051
9,Zoey,breaststroke,00:51:579295,00:50:871972,00:51:316130
9,Addison,freestyle,00:54:702639,00:54:425305,00:54:658332
9,Addison,backstroke,00:56:525383,00:56:555730,00:56:675436
9,Addison,butterfly,00:46:163363,00:45:933372,00:46:219530
9,Addison,breaststroke,01:07:248376,01:06:742811,01:07:016455
9,Lily,freestyle,00:50:061353,00:50:145714,00:50:398907
9,Lily,backstroke,00:57:247771,00:57:272312,00:57:281248
9,Lily,butterfly,00:51:681731,00:51:291192,00:51:834797
9,Lily,breaststroke,00:59:365999,00:59:092782,00:59:718253
9,Lillian,freestyle,00:38:645089,00:38:598199,00:37:778428
9,Lillian,backstroke,00:52:646724,00:52:819208,00:51:922576
9,Lillian,butterfly,01:05:247430,01:05:425075,01:05:356539
9,Lillian,breaststroke,00:39:039841,00:38:688136,00:38:711449
9,Natalie,freestyle,00:52:489061,00:52:557782,00:52:024475
9,Natalie,backstroke,00:52:679594,00:52:791333,00:53:337950
9,Natalie,butterfly,00:48:080700,00:47:647516,00:48:088024
9,Natalie,breaststroke,01:08:649729,01:07:987887,01:08:047241
9,Hannah,freestyle,01:06:105194,01:05:952257,01:05:956856
9,Hannah,backstroke,01:04:599072,01:04:816899,01:04:781074
9,Hannah,butterfly,01:11:898979,01:11:802581,01:11:379248
9,Hannah,breaststroke,00:54:650046,00:54:759815,00:55:356923
9,Aria,freestyle,01:02:595486,01:01:978860,01:02:079762
9,Aria,backstroke,00:55:331293,00:55:635474,00:54:962856
9,Aria,butterfly,00:55:268437,00:55:766360,00:55:899281
9,Aria,breaststroke,00:47:045596,00:46:906540,00:46:537017
9,Layla,freestyle,01:03:372377,01:03:615028,01:03:446131
9,Layla,backstroke,01:00:177712,01:00:523071,01:00:860498
9,Layla,butterfly,00:54:602272,00:54:075324,00:54:135934
9,Layla,breaststroke,00:42:394799,00:42:569334,00:42:763791
9,Brooklyn,freestyle,00:59:681108,00:59:670659,00:59:179530
9,Brooklyn,backstroke,00:59:749361,00:59:722514,00:59:513443
9,Brooklyn,butterfly,01:09:184169,01:08:713914,01:09:325605
9,Brooklyn,breaststroke,01:04:462913,01:04:059412,01:04:543880
9,Alexa,freestyle,00:42:996377,00:42:700275,00:43:065085
9,Alexa,backstroke,00:49:712201,00:49:820768,00:49:009258
9,Alexa,butterfly,00:50:584571,00:50:466115,00:50:461437
9,Alexa,breaststroke,00:53:499440,00:54:474482,00:54:439992
9,Zoe,freestyle,00:35:941059,00:35:786184,00:36:626471
9,Zoe,backstroke,01:06:120368,01:06:031454,01:06:644157
9,Zoe,butterfly,01:08:022422,01:08:397999,01:07:648891
9,Zoe,breaststroke,00:46:549295,00:46:555261,00:46:604714
9,Penelope,freestyle,00:57:496470,00:57:984552,00:57:823655
9,Penelope,backstroke,00:55:261250,00:55:626748,00:55:674979
9,Penelope,butterfly,00:56:489843,00:56:593772,00:57:078757
9,Penelope,breaststroke,00:46:516268,00:46:957266,00:46:458635
9,Riley,freestyle,01:07:716188,01:07:054581,01:07:619053
9,Riley,backstroke,01:06:628478,01:06:789571,01:06:819469
9,Riley,butterfly,01:07:264551,01:07:792053,01:07:126607
9,Riley,breaststroke,01:08:605032,01:08:943818,01:08:883786
9,Leah,freestyle,00:46:867089,00:47:168341,00:47:345172
9,Leah,backstroke,00:45:414792,00:45:433605,00:45:094939
9,Leah,butterfly,00:45:343231,00:45:316252,00:45:602275
9,Leah,breaststroke,01:01:546923,01:01:912004,01:01:557756
9,Audrey,freestyle,00:58:198660,00:58:080779,00:58:365430
9,Audrey,backstroke,00:47:449282,00:47:371418,00:46:715741
9,Audrey,butterfly,00:44:260195,00:44:102375,00:44:191962
9,Audrey,breaststroke,00:59:936337,00:59:338023,00:59:395859
9,Savannah,freestyle,00:42:649096,00:42:908361,00:42:884126
9,Savannah,backstroke,00:59:963889,01:00:709343,01:00:388615
9,Savannah,butterfly,00:53:299953,00:52:747625,00:52:577376
9,Savannah,breaststroke,01:05:057362,01:04:890485,01:05:317760
9,Allison,freestyle,01:01:922503,01:02:212563,01:02:105199
9,Allison,backstroke,00:56:986677,00:56:590724,00:57:425602
9,Allison,butterfly,01:01:022046,01:01:216879,01:00:681203
9,Allison,breaststroke,01:08:728145,01:09:412069,01:09:018390
9,Samantha,freestyle,00:58:299479,00:58:185715,00:58:449380
9,Samantha,backstroke,01:07:317834,01:07:583575,01:07:405354
9,Samantha,butterfly,00:37:967070,00:38:281214,00:38:716211
9,Samantha,breaststroke,00:39:415894,00:39:352236,00:40:002629
